<?xml version="1.0" encoding="UTF-8" standalone="yes"?>
<w:styles xmlns:w="http://schemas.openxmlformats.org/wordprocessingml/2006/main" xmlns:w14="http://schemas.microsoft.com/office/word/2010/wordml" xmlns:mc="http://schemas.openxmlformats.org/markup-compatibility/2006" mc:Ignorable="w14"><w:docDefaults><w:rPrDefault><w:rPr><w:rFonts w:ascii="Liberation Serif" w:hAnsi="Liberation Serif" w:eastAsia="Noto Serif CJK SC" w:cs="Lohit Devanagari"/><w:kern w:val="2"/><w:sz w:val="24"/><w:szCs w:val="24"/><w:lang w:val="ru-RU" w:eastAsia="zh-CN" w:bidi="hi-IN"/></w:rPr></w:rPrDefault><w:pPrDefault><w:pPr><w:widowControl/><w:suppressAutoHyphens w:val="true"/></w:pPr></w:pPrDefault></w:docDefaults><w:style w:type="paragraph" w:styleId="Normal"><w:name w:val="Normal"/><w:qFormat/><w:pPr><w:widowControl/><w:bidi w:val="0"/></w:pPr><w:rPr><w:rFonts w:ascii="Liberation Serif" w:hAnsi="Liberation Serif" w:eastAsia="Noto Serif CJK SC" w:cs="Lohit Devanagari"/><w:color w:val="auto"/><w:kern w:val="2"/><w:sz w:val="24"/><w:szCs w:val="24"/><w:lang w:val="ru-RU" w:eastAsia="zh-CN" w:bidi="hi-IN"/></w:rPr></w:style><w:style w:type="paragraph" w:styleId="Heading"><w:name w:val="Heading"/><w:basedOn w:val="Normal"/><w:next w:val="TextBody"/><w:qFormat/><w:pPr><w:keepNext w:val="true"/><w:spacing w:before="240" w:after="120"/></w:pPr><w:rPr><w:rFonts w:ascii="Liberation Sans" w:hAnsi="Liberation Sans" w:eastAsia="Noto Sans CJK SC" w:cs="Lohit Devanagari"/><w:sz w:val="28"/><w:szCs w:val="28"/></w:rPr></w:style><w:style w:type="paragraph" w:styleId="TextBody"><w:name w:val="Body Text"/><w:basedOn w:val="Normal"/><w:pPr><w:spacing w:lineRule="auto" w:line="276" w:before="0" w:after="140"/></w:pPr><w:rPr></w:rPr></w:style><w:style w:type="paragraph" w:styleId="List"><w:name w:val="List"/><w:basedOn w:val="TextBody"/><w:pPr></w:pPr><w:rPr><w:rFonts w:cs="Lohit Devanagari"/></w:rPr></w:style><w:style w:type="paragraph" w:styleId="Caption"><w:name w:val="Caption"/><w:basedOn w:val="Normal"/><w:qFormat/><w:pPr><w:suppressLineNumbers/><w:spacing w:before="120" w:after="120"/></w:pPr><w:rPr><w:rFonts w:cs="Lohit Devanagari"/><w:i/><w:iCs/><w:sz w:val="24"/><w:szCs w:val="24"/></w:rPr></w:style><w:style w:type="paragraph" w:styleId="Index"><w:name w:val="Index"/><w:basedOn w:val="Normal"/><w:qFormat/><w:pPr><w:suppressLineNumbers/></w:pPr><w:rPr><w:rFonts w:cs="Lohit Devanagari"/></w:rPr></w:style></w:styles>