id,label
0000,dirty
0001,dirty
0002,dirty
0003,dirty
0004,dirty
0005,dirty
0006,dirty
0007,dirty
0008,dirty
0009,dirty
0010,dirty
0011,dirty
0012,dirty
0013,dirty
0014,dirty
0015,dirty
0016,dirty
0017,dirty
0018,dirty
0019,dirty
0020,dirty
0021,dirty
0022,dirty
0023,dirty
0024,dirty
0025,dirty
0026,dirty
0027,dirty
0028,dirty
0029,dirty
0030,dirty
0031,dirty
0032,dirty
0033,dirty
0034,dirty
0035,dirty
0036,dirty
0037,dirty
0038,dirty
0039,dirty
0040,dirty
0041,dirty
0042,dirty
0043,dirty
0044,dirty
0045,dirty
0046,dirty
0047,dirty
0048,dirty
0049,dirty
0050,dirty
0051,dirty
0052,dirty
0053,dirty
0054,dirty
0055,dirty
0056,dirty
0057,dirty
0058,dirty
0059,dirty
0060,dirty
0061,dirty
0062,dirty
0063,dirty
0064,dirty
0065,dirty
0066,dirty
0067,dirty
0068,dirty
0069,dirty
0070,dirty
0071,dirty
0072,dirty
0073,dirty
0074,dirty
0075,dirty
0076,dirty
0077,dirty
0078,dirty
0079,dirty
0080,dirty
0081,dirty
0082,dirty
0083,dirty
0084,dirty
0085,dirty
0086,dirty
0087,dirty
0088,dirty
0089,dirty
0090,dirty
0091,dirty
0092,dirty
0093,dirty
0094,dirty
0095,dirty
0096,dirty
0097,dirty
0098,dirty
0099,dirty
0100,dirty
0101,dirty
0102,dirty
0103,dirty
0104,dirty
0105,dirty
0106,dirty
0107,dirty
0108,dirty
0109,dirty
0110,dirty
0111,dirty
0112,dirty
0113,dirty
0114,dirty
0115,dirty
0116,dirty
0117,dirty
0118,dirty
0119,dirty
0120,dirty
0121,dirty
0122,dirty
0123,dirty
0124,dirty
0125,dirty
0126,dirty
0127,dirty
0128,dirty
0129,dirty
0130,dirty
0131,dirty
0132,dirty
0133,dirty
0134,dirty
0135,dirty
0136,dirty
0137,dirty
0138,dirty
0139,dirty
0140,dirty
0141,dirty
0142,dirty
0143,dirty
0144,dirty
0145,dirty
0146,dirty
0147,dirty
0148,dirty
0149,dirty
0150,dirty
0151,dirty
0152,dirty
0153,dirty
0154,dirty
0155,dirty
0156,dirty
0157,dirty
0158,dirty
0159,dirty
0160,dirty
0161,dirty
0162,dirty
0163,dirty
0164,dirty
0165,dirty
0166,dirty
0167,dirty
0168,dirty
0169,dirty
0170,dirty
0171,dirty
0172,dirty
0173,dirty
0174,dirty
0175,dirty
0176,dirty
0177,dirty
0178,dirty
0179,dirty
0180,dirty
0181,dirty
0182,dirty
0183,dirty
0184,dirty
0185,dirty
0186,dirty
0187,dirty
0188,dirty
0189,dirty
0190,dirty
0191,dirty
0192,dirty
0193,dirty
0194,dirty
0195,dirty
0196,dirty
0197,dirty
0198,dirty
0199,dirty
0200,dirty
0201,dirty
0202,dirty
0203,dirty
0204,dirty
0205,dirty
0206,dirty
0207,dirty
0208,dirty
0209,dirty
0210,dirty
0211,dirty
0212,dirty
0213,dirty
0214,dirty
0215,dirty
0216,dirty
0217,dirty
0218,dirty
0219,dirty
0220,dirty
0221,dirty
0222,dirty
0223,dirty
0224,dirty
0225,dirty
0226,dirty
0227,dirty
0228,dirty
0229,dirty
0230,dirty
0231,dirty
0232,dirty
0233,dirty
0234,dirty
0235,dirty
0236,dirty
0237,dirty
0238,dirty
0239,dirty
0240,dirty
0241,dirty
0242,dirty
0243,dirty
0244,dirty
0245,dirty
0246,dirty
0247,dirty
0248,dirty
0249,dirty
0250,dirty
0251,dirty
0252,dirty
0253,dirty
0254,dirty
0255,dirty
0256,dirty
0257,dirty
0258,dirty
0259,dirty
0260,dirty
0261,dirty
0262,dirty
0263,dirty
0264,dirty
0265,dirty
0266,dirty
0267,dirty
0268,dirty
0269,dirty
0270,dirty
0271,dirty
0272,dirty
0273,dirty
0274,dirty
0275,dirty
0276,dirty
0277,dirty
0278,dirty
0279,dirty
0280,dirty
0281,dirty
0282,dirty
0283,dirty
0284,dirty
0285,dirty
0286,dirty
0287,dirty
0288,dirty
0289,dirty
0290,dirty
0291,dirty
0292,dirty
0293,dirty
0294,dirty
0295,dirty
0296,dirty
0297,dirty
0298,dirty
0299,dirty
0300,dirty
0301,dirty
0302,dirty
0303,dirty
0304,dirty
0305,dirty
0306,dirty
0307,dirty
0308,dirty
0309,dirty
0310,dirty
0311,dirty
0312,dirty
0313,dirty
0314,dirty
0315,dirty
0316,dirty
0317,dirty
0318,dirty
0319,dirty
0320,dirty
0321,dirty
0322,dirty
0323,dirty
0324,dirty
0325,dirty
0326,dirty
0327,dirty
0328,dirty
0329,dirty
0330,dirty
0331,dirty
0332,dirty
0333,dirty
0334,dirty
0335,dirty
0336,dirty
0337,dirty
0338,dirty
0339,dirty
0340,dirty
0341,dirty
0342,dirty
0343,dirty
0344,dirty
0345,dirty
0346,dirty
0347,dirty
0348,dirty
0349,dirty
0350,dirty
0351,dirty
0352,dirty
0353,dirty
0354,dirty
0355,dirty
0356,dirty
0357,dirty
0358,dirty
0359,dirty
0360,dirty
0361,dirty
0362,dirty
0363,dirty
0364,dirty
0365,dirty
0366,dirty
0367,dirty
0368,dirty
0369,dirty
0370,dirty
0371,dirty
0372,dirty
0373,dirty
0374,dirty
0375,dirty
0376,dirty
0377,dirty
0378,dirty
0379,dirty
0380,dirty
0381,dirty
0382,dirty
0383,dirty
0384,dirty
0385,dirty
0386,dirty
0387,dirty
0388,dirty
0389,dirty
0390,dirty
0391,dirty
0392,dirty
0393,dirty
0394,dirty
0395,dirty
0396,dirty
0397,dirty
0398,dirty
0399,dirty
0400,dirty
0401,dirty
0402,dirty
0403,dirty
0404,dirty
0405,dirty
0406,dirty
0407,dirty
0408,dirty
0409,dirty
0410,dirty
0411,dirty
0412,dirty
0413,dirty
0414,dirty
0415,dirty
0416,dirty
0417,dirty
0418,dirty
0419,dirty
0420,dirty
0421,dirty
0422,dirty
0423,dirty
0424,dirty
0425,dirty
0426,dirty
0427,dirty
0428,dirty
0429,dirty
0430,dirty
0431,dirty
0432,dirty
0433,dirty
0434,dirty
0435,dirty
0436,dirty
0437,dirty
0438,dirty
0439,dirty
0440,dirty
0441,dirty
0442,dirty
0443,dirty
0444,dirty
0445,dirty
0446,dirty
0447,dirty
0448,dirty
0449,dirty
0450,dirty
0451,dirty
0452,dirty
0453,dirty
0454,dirty
0455,dirty
0456,dirty
0457,dirty
0458,dirty
0459,dirty
0460,dirty
0461,dirty
0462,dirty
0463,dirty
0464,dirty
0465,dirty
0466,dirty
0467,dirty
0468,dirty
0469,dirty
0470,dirty
0471,dirty
0472,dirty
0473,dirty
0474,dirty
0475,dirty
0476,dirty
0477,dirty
0478,dirty
0479,dirty
0480,dirty
0481,dirty
0482,dirty
0483,dirty
0484,dirty
0485,dirty
0486,dirty
0487,dirty
0488,dirty
0489,dirty
0490,dirty
0491,dirty
0492,dirty
0493,dirty
0494,dirty
0495,dirty
0496,dirty
0497,dirty
0498,dirty
0499,dirty
0500,dirty
0501,dirty
0502,dirty
0503,dirty
0504,dirty
0505,dirty
0506,dirty
0507,dirty
0508,dirty
0509,dirty
0510,dirty
0511,dirty
0512,dirty
0513,dirty
0514,dirty
0515,dirty
0516,dirty
0517,dirty
0518,dirty
0519,dirty
0520,dirty
0521,dirty
0522,dirty
0523,dirty
0524,dirty
0525,dirty
0526,dirty
0527,dirty
0528,dirty
0529,dirty
0530,dirty
0531,dirty
0532,dirty
0533,dirty
0534,dirty
0535,dirty
0536,dirty
0537,dirty
0538,dirty
0539,dirty
0540,dirty
0541,dirty
0542,dirty
0543,dirty
0544,dirty
0545,dirty
0546,dirty
0547,dirty
0548,dirty
0549,dirty
0550,dirty
0551,dirty
0552,dirty
0553,dirty
0554,dirty
0555,dirty
0556,dirty
0557,dirty
0558,dirty
0559,dirty
0560,dirty
0561,dirty
0562,dirty
0563,dirty
0564,dirty
0565,dirty
0566,dirty
0567,dirty
0568,dirty
0569,dirty
0570,dirty
0571,dirty
0572,dirty
0573,dirty
0574,dirty
0575,dirty
0576,dirty
0577,dirty
0578,dirty
0579,dirty
0580,dirty
0581,dirty
0582,dirty
0583,dirty
0584,dirty
0585,dirty
0586,dirty
0587,dirty
0588,dirty
0589,dirty
0590,dirty
0591,dirty
0592,dirty
0593,dirty
0594,dirty
0595,dirty
0596,dirty
0597,dirty
0598,dirty
0599,dirty
0600,dirty
0601,dirty
0602,dirty
0603,dirty
0604,dirty
0605,dirty
0606,dirty
0607,dirty
0608,dirty
0609,dirty
0610,dirty
0611,dirty
0612,dirty
0613,dirty
0614,dirty
0615,dirty
0616,dirty
0617,dirty
0618,dirty
0619,dirty
0620,dirty
0621,dirty
0622,dirty
0623,dirty
0624,dirty
0625,dirty
0626,dirty
0627,dirty
0628,dirty
0629,dirty
0630,dirty
0631,dirty
0632,dirty
0633,dirty
0634,dirty
0635,dirty
0636,dirty
0637,dirty
0638,dirty
0639,dirty
0640,dirty
0641,dirty
0642,dirty
0643,dirty
0644,dirty
0645,dirty
0646,dirty
0647,dirty
0648,dirty
0649,dirty
0650,dirty
0651,dirty
0652,dirty
0653,dirty
0654,dirty
0655,dirty
0656,dirty
0657,dirty
0658,dirty
0659,dirty
0660,dirty
0661,dirty
0662,dirty
0663,dirty
0664,dirty
0665,dirty
0666,dirty
0667,dirty
0668,dirty
0669,dirty
0670,dirty
0671,dirty
0672,dirty
0673,dirty
0674,dirty
0675,dirty
0676,dirty
0677,dirty
0678,dirty
0679,dirty
0680,dirty
0681,dirty
0682,dirty
0683,dirty
0684,dirty
0685,dirty
0686,dirty
0687,dirty
0688,dirty
0689,dirty
0690,dirty
0691,dirty
0692,dirty
0693,dirty
0694,dirty
0695,dirty
0696,dirty
0697,dirty
0698,dirty
0699,dirty
0700,dirty
0701,dirty
0702,dirty
0703,dirty
0704,dirty
0705,dirty
0706,dirty
0707,dirty
0708,dirty
0709,dirty
0710,dirty
0711,dirty
0712,dirty
0713,dirty
0714,dirty
0715,dirty
0716,dirty
0717,dirty
0718,dirty
0719,dirty
0720,dirty
0721,dirty
0722,dirty
0723,dirty
0724,dirty
0725,dirty
0726,dirty
0727,dirty
0728,dirty
0729,dirty
0730,dirty
0731,dirty
0732,dirty
0733,dirty
0734,dirty
0735,dirty
0736,dirty
0737,dirty
0738,dirty
0739,dirty
0740,dirty
0741,dirty
0742,dirty
0743,dirty
