,anonymousId,utm_source,utm_medium,utm_campaign,session_start_time,"duration, m"
0,0129fa30-0c2d-11e8-8bc5-d9061171bfdd,yCLBtjhT7Sc7iWh6xQX5+g==,cpc,No data,2018-02-07 17:33:27.887000+00:00,0.1
1,0129fa30-0c2d-11e8-8bc5-d9061171bfdd,No data,No data,No data,2018-02-07 17:33:42.265000+00:00,1.7833333333333334
2,012c6c60-0c47-11e8-b56b-33d094054d3c,7Iv1Fvr6UZJ+cSM+GOglAw==,cpc,scMIE0HCE9amvF9RU2DiyQ==,2018-02-07 20:39:34.301000+00:00,0.0
3,012c6c60-0c47-11e8-b56b-33d094054d3c,No data,No data,No data,2018-02-07 20:39:49.302000+00:00,0.65
4,0135e970-0c1f-11e8-80cb-2341e6b95f33,7Iv1Fvr6UZJ+cSM+GOglAw==,cpc,ur54RH5Ne+LWtBGm0Yux8w==,2018-02-07 15:53:12.499000+00:00,0.0
5,0135e970-0c1f-11e8-80cb-2341e6b95f33,No data,No data,No data,2018-02-07 15:53:13.835999+00:00,1.7333333333333334
6,03116290-0c53-11e8-839e-45efed443382,No data,No data,No data,2018-02-07 22:05:52.612999+00:00,12.283333333333333
7,0346a430-0c23-11e8-ba19-996013066d18,No data,No data,No data,2018-02-07 16:21:55.914999+00:00,7.866666666666666
8,03bf02c0-0bc6-11e8-a8d6-ab0080e44309,No data,No data,No data,2018-02-07 05:16:13.743999+00:00,0.0
9,03d195d0-0bc5-11e8-8b98-513e36231eaf,No data,No data,No data,2018-02-07 05:09:04.483000+00:00,0.0
10,04b40530-0b86-11e8-beb5-21ea04824deb,No data,No data,No data,2018-02-07 09:43:27.081000+00:00,29.4
11,04e518f0-0bd6-11e8-a26c-ad2f0527261d,No data,No data,No data,2018-02-07 07:10:47.371000+00:00,0.0
12,051ec390-0bf7-11e8-af6c-2fb99d8240a1,yCLBtjhT7Sc7iWh6xQX5+g==,cpc,No data,2018-02-07 11:07:04.150000+00:00,0.1
13,052af9c0-0c11-11e8-9846-a1fea19f68b1,No data,No data,No data,2018-02-07 14:13:08.236000+00:00,0.18333333333333332
14,05496790-0bab-11e8-bc73-594af98b9f41,No data,No data,No data,2018-02-07 02:02:59.858999+00:00,0.0
15,05519d50-0c4d-11e8-8488-1b85324fb712,7Iv1Fvr6UZJ+cSM+GOglAw==,cpc,scMIE0HCE9amvF9RU2DiyQ==,2018-02-07 21:22:38.075000+00:00,0.0
16,05519d50-0c4d-11e8-8488-1b85324fb712,No data,No data,No data,2018-02-07 21:22:40.868999+00:00,26.0
17,05de6b10-0bec-11e8-8524-5f5627031bf5,No data,No data,No data,2018-02-07 09:48:18.312000+00:00,0.0
18,0690c5f0-0bfe-11e8-841e-8943815b5730,No data,No data,No data,2018-02-07 11:57:10.322999+00:00,1.2
19,06b98d00-0be5-11e8-809f-8fd70d4070d0,yCLBtjhT7Sc7iWh6xQX5+g==,cpc,No data,2018-02-07 08:58:12.884999+00:00,0.21666666666666667
20,06b98d00-0be5-11e8-809f-8fd70d4070d0,No data,No data,No data,2018-02-07 08:58:28.871000+00:00,0.7833333333333333
21,07786500-0c39-11e8-b3ef-efddaccf401d,No data,No data,No data,2018-02-07 18:59:31.747999+00:00,0.0
22,080f0ab0-0bc0-11e8-aaa5-d9b76ddcc28f,No data,No data,No data,2018-02-07 04:33:24.720999+00:00,0.0
23,083be2b0-044f-11e8-aaf6-8ba60b40f7bd,No data,No data,No data,2018-02-07 19:02:56.535000+00:00,1.6833333333333333
24,08a051c0-072c-11e8-8c92-9dd8855da905,7Iv1Fvr6UZJ+cSM+GOglAw==,cpc,scMIE0HCE9amvF9RU2DiyQ==,2018-02-07 08:03:25.121000+00:00,0.0
25,08a051c0-072c-11e8-8c92-9dd8855da905,No data,No data,No data,2018-02-07 08:03:31.592000+00:00,4.0
26,08e4e760-0bb7-11e8-98fc-9762efa76071,No data,No data,No data,2018-02-07 03:28:59.954999+00:00,0.0
27,091defc0-0c1a-11e8-b896-8d4007ab1d6b,yCLBtjhT7Sc7iWh6xQX5+g==,cpc,No data,2018-02-07 15:17:40.213000+00:00,0.21666666666666667
28,09ab99b0-0c2e-11e8-8eea-d70258e2a5b2,No data,No data,No data,2018-02-07 21:40:58.325999+00:00,0.21666666666666667
29,09c07780-0bfd-11e8-a691-1dcb507e3c3c,No data,No data,No data,2018-02-07 11:50:06.145999+00:00,280.1333333333333
30,09f3c670-09e2-11e8-a2c6-0b00f7380134,yCLBtjhT7Sc7iWh6xQX5+g==,cpc,No data,2018-02-07 17:51:53.197000+00:00,0.0
31,09f3c670-09e2-11e8-a2c6-0b00f7380134,No data,No data,No data,2018-02-07 17:54:41.871000+00:00,0.0
32,0a339260-0c02-11e8-b68a-55ecb185f7be,No data,No data,No data,2018-02-07 12:25:55.002000+00:00,7.033333333333333
33,0a6e07b0-0c20-11e8-a13f-53371252dd55,7Iv1Fvr6UZJ+cSM+GOglAw==,cpc,a9Yj/+1ZvP9IJ1OM0mHmfg==,2018-02-07 16:00:38.160000+00:00,0.0
34,0a6e07b0-0c20-11e8-a13f-53371252dd55,No data,No data,No data,2018-02-07 16:00:47.631999+00:00,6.083333333333333
35,0b44b8d0-0c45-11e8-ab06-25b6471985ba,No data,No data,No data,2018-02-07 20:25:31.892999+00:00,4.95
36,0ba499a0-0c25-11e8-9a16-299eeaad34c9,No data,No data,No data,2018-02-07 16:36:29.224999+00:00,3.1333333333333333
37,0bfa58f0-0c60-11e8-9706-2ff3252db889,No data,No data,No data,2018-02-07 23:38:51.381999+00:00,8.866666666666667
38,0ed5f780-0be5-11e8-88cb-bd025c478dec,yCLBtjhT7Sc7iWh6xQX5+g==,cpc,No data,2018-02-07 08:58:27.476999+00:00,0.6833333333333333
39,0ef42050-0c05-11e8-bcd2-9b2327f4809e,7Iv1Fvr6UZJ+cSM+GOglAw==,cpc,a9Yj/+1ZvP9IJ1OM0mHmfg==,2018-02-07 12:47:31.417999+00:00,0.2
40,0ef42050-0c05-11e8-bcd2-9b2327f4809e,No data,No data,No data,2018-02-07 12:47:47.584000+00:00,3.7333333333333334
41,0ef42050-0c05-11e8-bcd2-9b2327f4809e,7Iv1Fvr6UZJ+cSM+GOglAw==,cpc,CJNiaxAkackGcR6j3+AO6w==,2018-02-07 12:51:39.931999+00:00,0.0
42,0ef42050-0c05-11e8-bcd2-9b2327f4809e,7Iv1Fvr6UZJ+cSM+GOglAw==,cpc,a9Yj/+1ZvP9IJ1OM0mHmfg==,2018-02-07 12:51:40.543999+00:00,0.06666666666666667
43,0ef42050-0c05-11e8-bcd2-9b2327f4809e,No data,No data,No data,2018-02-07 12:51:49.148999+00:00,1.6333333333333333
44,0ef42050-0c05-11e8-bcd2-9b2327f4809e,7Iv1Fvr6UZJ+cSM+GOglAw==,cpc,a9Yj/+1ZvP9IJ1OM0mHmfg==,2018-02-07 12:53:54.959000+00:00,0.0
45,0ef42050-0c05-11e8-bcd2-9b2327f4809e,mN79bucN+x3qQWzs3zkfWA==,page,sUTw6n3ggjy/pmior2JzOg==,2018-02-07 12:54:02.301000+00:00,0.03333333333333333
46,0ef42050-0c05-11e8-bcd2-9b2327f4809e,No data,No data,No data,2018-02-07 12:54:08.052000+00:00,1.3
47,0ef42050-0c05-11e8-bcd2-9b2327f4809e,7Iv1Fvr6UZJ+cSM+GOglAw==,cpc,CJNiaxAkackGcR6j3+AO6w==,2018-02-07 12:56:15.947000+00:00,0.0
48,0ef42050-0c05-11e8-bcd2-9b2327f4809e,7Iv1Fvr6UZJ+cSM+GOglAw==,cpc,a9Yj/+1ZvP9IJ1OM0mHmfg==,2018-02-07 12:56:16.720000+00:00,0.43333333333333335
49,0ef42050-0c05-11e8-bcd2-9b2327f4809e,No data,No data,No data,2018-02-07 12:56:58.971999+00:00,0.0
50,0f985c80-0c3a-11e8-9e0a-978ca6857375,No data,No data,No data,2018-02-07 19:06:54.892999+00:00,2.1
51,0fbc5d40-0c50-11e8-bd2e-1156c45b0d6b,No data,No data,No data,2018-02-07 21:44:26.150000+00:00,1.9
52,107a7070-0b7c-11e8-8cc5-e76333145d2b,7Iv1Fvr6UZJ+cSM+GOglAw==,cpc,kRb/7Mhako7wODYrdIYpdg==,2018-02-07 00:27:06.197999+00:00,0.0
53,10ec6980-0be7-11e8-adec-d3129de624de,7Iv1Fvr6UZJ+cSM+GOglAw==,cpc,a9Yj/+1ZvP9IJ1OM0mHmfg==,2018-02-07 09:12:49.704999+00:00,0.0
54,10ec6980-0be7-11e8-adec-d3129de624de,No data,No data,No data,2018-02-07 09:12:50.690999+00:00,1.1666666666666667
55,115c7120-0c2e-11e8-b218-2ff8b66bf47f,No data,No data,No data,2018-02-07 21:41:14.756999+00:00,0.0
56,1176e350-0bf4-11e8-8b11-2fdd082135ce,BkLyNS5m84QUJTn1zdOUkQ==,cpc,sacsEFndZMsTmazPITmjCQ==,2018-02-07 10:44:28.734999+00:00,0.21666666666666667
57,11ee3450-032f-11e8-9f86-8f64a7dc08dd,No data,No data,No data,2018-02-07 18:22:23.734999+00:00,0.03333333333333333
58,120865d0-0bb0-11e8-b23b-398f7087cc4d,eUdUPXMqN2CImzRw+SVnXA==,email,Uiwkan+XEQuhr4f4nqG7yg==,2018-02-07 02:39:08.878999+00:00,0.05
59,120865d0-0bb0-11e8-b23b-398f7087cc4d,No data,No data,No data,2018-02-07 02:39:40.128000+00:00,167.68333333333334
60,12c79ba0-0082-11e8-a950-2b5904cc811f,No data,No data,No data,2018-02-07 09:49:23.117000+00:00,190.21666666666667
61,13da4030-0c1f-11e8-b813-47b1ae9d036d,No data,No data,No data,2018-02-07 15:53:38.630000+00:00,0.2
62,14542b50-0c44-11e8-8f5f-a508e88d8226,7Iv1Fvr6UZJ+cSM+GOglAw==,cpc,CJNiaxAkackGcR6j3+AO6w==,2018-02-07 20:18:32.065999+00:00,0.0
63,14542b50-0c44-11e8-8f5f-a508e88d8226,No data,No data,No data,2018-02-07 20:18:51.967000+00:00,0.36666666666666664
64,14542b50-0c44-11e8-8f5f-a508e88d8226,7Iv1Fvr6UZJ+cSM+GOglAw==,cpc,CJNiaxAkackGcR6j3+AO6w==,2018-02-07 20:19:23.798000+00:00,0.0
65,14542b50-0c44-11e8-8f5f-a508e88d8226,7Iv1Fvr6UZJ+cSM+GOglAw==,cpc,a9Yj/+1ZvP9IJ1OM0mHmfg==,2018-02-07 20:19:33.589999+00:00,0.11666666666666667
66,14542b50-0c44-11e8-8f5f-a508e88d8226,No data,No data,No data,2018-02-07 20:19:46.937999+00:00,0.9
67,148f4b40-0c12-11e8-9db0-0784fbcd76a3,No data,No data,No data,2018-02-07 14:20:43.530999+00:00,5.166666666666667
68,1491bae0-0bd3-11e8-a801-0deb8b058f3c,7Iv1Fvr6UZJ+cSM+GOglAw==,cpc,scMIE0HCE9amvF9RU2DiyQ==,2018-02-07 06:49:48.145999+00:00,0.0
69,1491bae0-0bd3-11e8-a801-0deb8b058f3c,No data,No data,No data,2018-02-07 06:49:48.585000+00:00,58.65
70,1491bae0-0bd3-11e8-a801-0deb8b058f3c,7Iv1Fvr6UZJ+cSM+GOglAw==,cpc,scMIE0HCE9amvF9RU2DiyQ==,2018-02-07 07:49:31.046000+00:00,0.03333333333333333
71,1491bae0-0bd3-11e8-a801-0deb8b058f3c,No data,No data,No data,2018-02-07 11:55:15.461999+00:00,4.616666666666666
72,16072490-0c1a-11e8-98bd-d5ada798e26e,No data,No data,No data,2018-02-07 15:18:04.898999+00:00,0.0
73,16e91330-0be5-11e8-94e7-d13511492274,No data,No data,No data,2018-02-07 08:58:39.838999+00:00,6.333333333333333
74,17c08470-0724-11e8-aa94-5d1844e09a6f,No data,No data,No data,2018-02-07 08:44:14.177000+00:00,0.0
75,17c82e20-0c1d-11e8-b1a2-03eca9f1f9aa,yCLBtjhT7Sc7iWh6xQX5+g==,cpc,No data,2018-02-07 15:38:17.038000+00:00,0.3
76,17c82e20-0c1d-11e8-b1a2-03eca9f1f9aa,No data,No data,No data,2018-02-07 15:38:37.239000+00:00,49.61666666666667
77,17feb4d0-0bd8-11e8-a80e-2b23479db2f7,No data,No data,No data,2018-02-07 07:25:41.071000+00:00,0.0
78,181dbd10-0bad-11e8-997b-c740beae9411,No data,No data,No data,2018-02-07 02:17:50.345999+00:00,0.0
79,183d8a60-0c0b-11e8-95d6-837beed40241,No data,No data,No data,2018-02-07 13:30:42.950999+00:00,0.0
80,18b20f30-0bec-11e8-99e5-099db27bbe25,yCLBtjhT7Sc7iWh6xQX5+g==,cpc,No data,2018-02-07 09:48:48.622999+00:00,1.1333333333333333
81,18c3f7e0-0b9c-11e8-bf3c-73f14c16be5e,No data,No data,No data,2018-02-07 00:16:11.341000+00:00,0.4166666666666667
82,18e7cd60-0bb9-11e8-b579-9523a3d78876,No data,No data,No data,2018-02-07 03:43:46.180000+00:00,0.0
83,190c9230-002e-11e8-84a6-7123afb10d4c,No data,No data,No data,2018-02-07 05:43:35.575000+00:00,2.2666666666666666
84,190c9230-002e-11e8-84a6-7123afb10d4c,7Iv1Fvr6UZJ+cSM+GOglAw==,cpc,a9Yj/+1ZvP9IJ1OM0mHmfg==,2018-02-07 06:28:22.372999+00:00,0.0
85,1941b490-0bb6-11e8-b026-bfe7c75ff776,No data,No data,No data,2018-02-07 03:22:20.464999+00:00,3.783333333333333
86,1967b5e0-0c34-11e8-8cbf-edb03f9eb1c2,7Iv1Fvr6UZJ+cSM+GOglAw==,cpc,WHSyEneJw2EdnwqFYeOnaQ==,2018-02-07 18:24:16.216000+00:00,3.55
87,19f5d070-0c05-11e8-befa-35fd253d1249,No data,No data,No data,2018-02-07 12:47:49.684999+00:00,0.0
88,1a079bd0-0be6-11e8-8068-e3615ad270f5,7Iv1Fvr6UZJ+cSM+GOglAw==,cpc,0k6YtpoSj+mIDaKWJa+Pxg==,2018-02-07 09:05:51.956000+00:00,0.0
89,1a079bd0-0be6-11e8-8068-e3615ad270f5,No data,No data,No data,2018-02-07 09:05:57.098000+00:00,0.0
90,1aa3c780-0bb4-11e8-bc4c-f78a7dc11a2f,No data,No data,No data,2018-02-07 03:08:01.017999+00:00,0.0
91,1b626db0-0be2-11e8-bb87-155735f8365c,No data,No data,No data,2018-02-07 08:37:16.595999+00:00,3.566666666666667
92,1c848010-001c-11e8-950e-e31d617a1c2f,No data,No data,No data,2018-02-07 12:42:41.713999+00:00,0.0
93,1cadd900-0c5c-11e8-b66a-872da6971fcc,7Iv1Fvr6UZJ+cSM+GOglAw==,cpc,CJNiaxAkackGcR6j3+AO6w==,2018-02-07 23:10:39.813999+00:00,0.0
94,1cadd900-0c5c-11e8-b66a-872da6971fcc,No data,No data,No data,2018-02-07 23:13:43.174999+00:00,0.0
95,1ccc3ba0-0c4a-11e8-b3c7-091b7ab40371,No data,No data,No data,2018-02-07 21:03:10.387000+00:00,5.266666666666667
96,1d05b340-0c2b-11e8-9e11-33b71efb3015,No data,No data,No data,2018-02-07 17:19:54.585999+00:00,1.4666666666666666
97,1d398000-0bd4-11e8-8c77-ad41a47e75de,eUdUPXMqN2CImzRw+SVnXA==,email,Uiwkan+XEQuhr4f4nqG7yg==,2018-02-07 06:57:09.059000+00:00,0.0
98,1d398000-0bd4-11e8-8c77-ad41a47e75de,No data,No data,No data,2018-02-07 06:57:29.091000+00:00,0.0
99,1d398000-0bd4-11e8-8c77-ad41a47e75de,eUdUPXMqN2CImzRw+SVnXA==,email,Uiwkan+XEQuhr4f4nqG7yg==,2018-02-07 06:57:43.720000+00:00,0.5166666666666667
100,1d398000-0bd4-11e8-8c77-ad41a47e75de,No data,No data,No data,2018-02-07 06:58:31.641000+00:00,0.4166666666666667
101,1d398000-0bd4-11e8-8c77-ad41a47e75de,eUdUPXMqN2CImzRw+SVnXA==,email,Uiwkan+XEQuhr4f4nqG7yg==,2018-02-07 06:59:41.525000+00:00,0.1
102,1d398000-0bd4-11e8-8c77-ad41a47e75de,No data,No data,No data,2018-02-07 07:00:05.467999+00:00,0.45
103,1dcd8630-0c22-11e8-9e9f-9b61239e331a,No data,No data,No data,2018-02-07 16:15:31.526000+00:00,0.0
104,1e399d30-0c1c-11e8-a0f3-2bebaa394acd,No data,No data,No data,2018-02-07 15:32:34.901000+00:00,0.43333333333333335
105,1e39da60-0c13-11e8-83ac-8fe8d00fa21a,No data,No data,No data,2018-02-07 14:28:09.512000+00:00,3.5833333333333335
106,1e4bc8e0-0b5c-11e8-9256-799453a73d15,7Iv1Fvr6UZJ+cSM+GOglAw==,cpc,UcdTsZ8aVobmMwpTt/ICxQ==,2018-02-07 19:42:57.762000+00:00,0.0
107,1e5fe550-0bd9-11e8-9b42-613788674dc0,No data,No data,No data,2018-02-07 07:32:58.206000+00:00,0.0
108,1ed74cc0-0b6c-11e8-8ee2-e7b90805b31d,No data,No data,No data,2018-02-07 00:37:30.335000+00:00,21.466666666666665
109,1f63c0d0-0b15-11e8-b649-4765994aeb2f,No data,No data,No data,2018-02-07 08:55:49.888999+00:00,0.0
110,1f7e2ff0-0bc0-11e8-bfe6-1f1ce25d5372,No data,No data,No data,2018-02-07 04:34:03.585000+00:00,0.0
111,1f8142f0-0c1d-11e8-bad9-a760e8a3e748,No data,No data,No data,2018-02-07 15:39:46.747999+00:00,25.8
112,1fd3d880-0c59-11e8-99f8-778c683b05b4,7Iv1Fvr6UZJ+cSM+GOglAw==,cpc,AtVvhAzO2HkP2JGa9wkKvg==,2018-02-07 22:49:19.635999+00:00,0.0
113,1ff7dce0-0bf9-11e8-b5da-bf6b0b05d8c3,No data,No data,No data,2018-02-07 11:22:06.049999+00:00,0.2833333333333333
114,2024c700-0bfe-11e8-8d05-3b65195c1e5c,7Iv1Fvr6UZJ+cSM+GOglAw==,cpc,a9Yj/+1ZvP9IJ1OM0mHmfg==,2018-02-07 11:57:52.798000+00:00,0.06666666666666667
115,2024c700-0bfe-11e8-8d05-3b65195c1e5c,No data,No data,No data,2018-02-07 11:57:58.592000+00:00,11.75
116,219cf3d0-0c19-11e8-8b54-5f25fc0ab2ef,No data,No data,No data,2018-02-07 15:02:46.842000+00:00,2.566666666666667
117,225c38b0-0bb7-11e8-bfb1-f11dfb62b18d,No data,No data,No data,2018-02-07 03:29:42.592999+00:00,0.0
118,22a1f940-0b80-11e8-a865-91346bc9ed94,7Iv1Fvr6UZJ+cSM+GOglAw==,cpc,a9Yj/+1ZvP9IJ1OM0mHmfg==,2018-02-07 12:54:20.638999+00:00,0.0
119,22a1f940-0b80-11e8-a865-91346bc9ed94,No data,No data,No data,2018-02-07 12:54:30.220000+00:00,36.0
120,22be5dd0-0c23-11e8-9719-1570aa9042ca,No data,No data,No data,2018-02-07 16:22:48.825000+00:00,16.0
121,23ebe1f0-0bce-11e8-ac93-873bdfa34e03,No data,No data,No data,2018-02-07 06:14:23.618999+00:00,0.0
122,23ff7180-0bf0-11e8-81b3-c140b269d43f,No data,No data,No data,2018-02-07 10:17:46.690000+00:00,0.0
123,24ebb1a0-0bc1-11e8-925b-fdfe929e17ef,No data,No data,No data,2018-02-07 04:41:22.085999+00:00,3.7333333333333334
124,25a43d20-0bca-11e8-8baf-1534929caa2f,No data,No data,No data,2018-02-07 05:45:48.407000+00:00,0.0
125,25bbf1f0-0c19-11e8-8cdc-63fea99931d0,7Iv1Fvr6UZJ+cSM+GOglAw==,cpc,scMIE0HCE9amvF9RU2DiyQ==,2018-02-07 15:11:20.953999+00:00,4.416666666666667
126,25bbf1f0-0c19-11e8-8cdc-63fea99931d0,No data,No data,No data,2018-02-07 15:15:49.505000+00:00,1.6
127,25f76260-0c1b-11e8-ba1b-affe46308cd3,7Iv1Fvr6UZJ+cSM+GOglAw==,cpc,a9Yj/+1ZvP9IJ1OM0mHmfg==,2018-02-07 15:25:38.782000+00:00,0.0
128,25f76260-0c1b-11e8-ba1b-affe46308cd3,No data,No data,No data,2018-02-07 15:25:48.523000+00:00,2.3333333333333335
129,2659a110-0be3-11e8-899d-25a1737ed4d2,No data,No data,No data,2018-02-07 08:44:26.559000+00:00,22.3
130,26948030-0c30-11e8-aee9-89009e1e0a0e,7Iv1Fvr6UZJ+cSM+GOglAw==,cpc,7CyejM5VDmcQeKKWFXPjJQ==,2018-02-07 17:55:58.408999+00:00,0.5833333333333334
131,26948030-0c30-11e8-aee9-89009e1e0a0e,No data,No data,No data,2018-02-07 17:56:48.246999+00:00,0.0
132,26ce4990-0b9b-11e8-833a-8f998797f5d0,No data,No data,No data,2018-02-07 00:09:24.763000+00:00,1.1333333333333333
133,271d7730-0bec-11e8-8a07-0ff762bed17c,7Iv1Fvr6UZJ+cSM+GOglAw==,cpc,SSonnyiyONRnrjiY/QDAiw==,2018-02-07 09:49:14.377000+00:00,0.0
134,271d7730-0bec-11e8-8a07-0ff762bed17c,No data,No data,No data,2018-02-07 09:49:21.459000+00:00,1.15
135,2a63baa0-06e0-11e8-8064-31c802fce758,No data,No data,No data,2018-02-07 00:49:56.713999+00:00,0.6833333333333333
136,2aa35510-0c59-11e8-a169-2b14f78e2658,7Iv1Fvr6UZJ+cSM+GOglAw==,cpc,a9Yj/+1ZvP9IJ1OM0mHmfg==,2018-02-07 22:49:35.178999+00:00,0.0
137,2aa35510-0c59-11e8-a169-2b14f78e2658,No data,No data,No data,2018-02-07 22:49:48.440000+00:00,2.316666666666667
138,2b01ea10-0bfc-11e8-a57a-9f8c8f0cbed0,No data,No data,No data,2018-02-07 11:43:57.239000+00:00,0.95
139,2cb9e730-0be4-11e8-b8ee-ebaf2a5a3e30,No data,No data,No data,2018-02-07 12:52:18.203000+00:00,0.1
140,2d3da280-0baa-11e8-afbc-2799a3e47a25,No data,No data,No data,2018-02-07 01:56:57.341000+00:00,0.0
141,2d48f0e0-0c1d-11e8-95d3-bb022ad4a962,eUdUPXMqN2CImzRw+SVnXA==,email,Uiwkan+XEQuhr4f4nqG7yg==,2018-02-07 15:40:09.538000+00:00,1.0166666666666666
142,2d48f0e0-0c1d-11e8-95d3-bb022ad4a962,No data,No data,No data,2018-02-07 15:41:19.667999+00:00,3.5
143,2d48f0e0-0c1d-11e8-95d3-bb022ad4a962,eUdUPXMqN2CImzRw+SVnXA==,email,Uiwkan+XEQuhr4f4nqG7yg==,2018-02-07 15:45:02.555999+00:00,0.5333333333333333
144,2d48f0e0-0c1d-11e8-95d3-bb022ad4a962,No data,No data,No data,2018-02-07 15:45:50.032000+00:00,0.0
145,2d48f0e0-0c1d-11e8-95d3-bb022ad4a962,eUdUPXMqN2CImzRw+SVnXA==,email,Uiwkan+XEQuhr4f4nqG7yg==,2018-02-07 15:46:54.811000+00:00,1.6833333333333333
146,2eddd0d0-0c61-11e8-b16e-43ff49599de8,7Iv1Fvr6UZJ+cSM+GOglAw==,cpc,a9Yj/+1ZvP9IJ1OM0mHmfg==,2018-02-07 23:46:57.634000+00:00,0.15
147,2eddd0d0-0c61-11e8-b16e-43ff49599de8,No data,No data,No data,2018-02-07 23:47:08.085999+00:00,0.08333333333333333
148,2eddd0d0-0c61-11e8-b16e-43ff49599de8,7Iv1Fvr6UZJ+cSM+GOglAw==,cpc,a9Yj/+1ZvP9IJ1OM0mHmfg==,2018-02-07 23:47:16.111999+00:00,0.0
149,2eddd0d0-0c61-11e8-b16e-43ff49599de8,No data,No data,No data,2018-02-07 23:47:22.206000+00:00,0.18333333333333332
150,30a63330-0bfd-11e8-8f83-c161bfd62ace,No data,No data,No data,2018-02-07 11:51:11.529999+00:00,0.7833333333333333
151,30ca3b50-0c10-11e8-ba21-ef59816ba6f7,No data,No data,No data,2018-02-07 14:07:13.601999+00:00,0.0
152,31f996c0-0c14-11e8-8463-5fdca7b20239,No data,No data,No data,2018-02-07 14:35:51.509999+00:00,8.383333333333333
153,328229e0-0c23-11e8-9816-8704a204472a,7Iv1Fvr6UZJ+cSM+GOglAw==,cpc,ur54RH5Ne+LWtBGm0Yux8w==,2018-02-07 16:18:51.575000+00:00,0.016666666666666666
154,328229e0-0c23-11e8-9816-8704a204472a,7Iv1Fvr6UZJ+cSM+GOglAw==,cpc,Hu6FE/orzevU8B8hTe3Gdw==,2018-02-07 16:19:05.010999+00:00,1.1833333333333333
155,328229e0-0c23-11e8-9816-8704a204472a,mN79bucN+x3qQWzs3zkfWA==,page,sUTw6n3ggjy/pmior2JzOg==,2018-02-07 16:20:34.832000+00:00,0.2833333333333333
156,328229e0-0c23-11e8-9816-8704a204472a,No data,No data,No data,2018-02-07 16:20:56.536999+00:00,2.433333333333333
157,3287a6f0-0c09-11e8-8e9c-05c00df7e31c,7Iv1Fvr6UZJ+cSM+GOglAw==,cpc,7CyejM5VDmcQeKKWFXPjJQ==,2018-02-07 13:17:39.112999+00:00,7.033333333333333
158,3349b7e0-0bdc-11e8-a365-0b497e671faf,No data,No data,No data,2018-02-07 07:55:10.362999+00:00,5.633333333333334
159,33ab6aa0-0c02-11e8-a0cb-554c31fcfe48,yCLBtjhT7Sc7iWh6xQX5+g==,cpc,No data,2018-02-07 12:27:00.062999+00:00,0.75
160,33c0eb80-0b5f-11e8-8983-71b9e8185fd5,No data,No data,No data,2018-02-07 16:54:29.684000+00:00,0.0
161,33d165d0-0bd9-11e8-b5d6-054063ab8c41,7Iv1Fvr6UZJ+cSM+GOglAw==,cpc,Hu6FE/orzevU8B8hTe3Gdw==,2018-02-07 07:33:34.279000+00:00,0.0
162,34a22280-0c09-11e8-92b9-4f505f474aa1,No data,No data,No data,2018-02-07 13:17:12.414000+00:00,0.0
163,35cbbbc0-0bc4-11e8-a7f1-49c93eebe183,No data,No data,No data,2018-02-07 05:03:18.404999+00:00,0.0
164,367a8a00-0c1f-11e8-b0c3-eb3eaea5fb8b,7Iv1Fvr6UZJ+cSM+GOglAw==,cpc,a9Yj/+1ZvP9IJ1OM0mHmfg==,2018-02-07 15:54:43.819000+00:00,0.0
165,367a8a00-0c1f-11e8-b0c3-eb3eaea5fb8b,No data,No data,No data,2018-02-07 15:54:51.154999+00:00,1.35
166,367a8a00-0c1f-11e8-b0c3-eb3eaea5fb8b,No data,No data,No data,2018-02-07 20:17:56.530999+00:00,0.5
167,36a6e670-0bf9-11e8-b28c-cd633dcd685f,7Iv1Fvr6UZJ+cSM+GOglAw==,cpc,u2mdI0mp5IOKcu2glaqR2Q==,2018-02-07 11:22:47.200999+00:00,0.0
168,36a6e670-0bf9-11e8-b28c-cd633dcd685f,No data,No data,No data,2018-02-07 11:22:54.813999+00:00,0.3333333333333333
169,3703e070-0c2e-11e8-aaff-118ca6f91a61,No data,No data,No data,2018-02-07 17:42:06.977999+00:00,0.3
170,381590d0-0c29-11e8-bbc6-e19702ffd713,No data,No data,No data,2018-02-07 17:08:21.628999+00:00,3.45
171,38259c30-0bc2-11e8-8ec6-8d5e947e129b,No data,No data,No data,2018-02-07 04:49:04.305999+00:00,136.11666666666667
172,38d9f910-0bb7-11e8-8992-4ba4209c316a,No data,No data,No data,2018-02-07 03:30:20.296000+00:00,0.0
173,39b7f4b0-0b01-11e8-b36f-2b707d3691a4,No data,No data,No data,2018-02-07 05:04:30.122999+00:00,16.883333333333333
174,39f56da0-0bd7-11e8-a769-973bed50f83c,7Iv1Fvr6UZJ+cSM+GOglAw==,cpc,scMIE0HCE9amvF9RU2DiyQ==,2018-02-07 07:19:27.158999+00:00,0.0
175,3a47b0e0-0c1a-11e8-a44e-0f5a4b0e570a,No data,No data,No data,2018-02-07 15:19:03.516999+00:00,0.0
176,3a54f020-0c42-11e8-86a6-139c6b777a4d,7Iv1Fvr6UZJ+cSM+GOglAw==,cpc,gqDWysmcLCDuzccEwxyy9A==,2018-02-07 20:05:24.815000+00:00,0.0
177,3aa47e10-0bf2-11e8-9a19-73f4ebc1a8b6,No data,No data,No data,2018-02-07 10:35:39.569999+00:00,0.6833333333333333
178,3b460420-0bc4-11e8-837a-6f5ca53dc2e5,No data,No data,No data,2018-02-07 05:03:28.012000+00:00,0.5833333333333334
179,3c304a40-0b5a-11e8-8a62-b9e2e921263d,No data,No data,No data,2018-02-07 06:20:12.411000+00:00,0.0
180,3c304a40-0b5a-11e8-8a62-b9e2e921263d,No data,No data,No data,2018-02-07 15:36:23.302000+00:00,0.0
181,3c398290-0b19-11e8-9f07-c538ffc885a7,No data,No data,No data,2018-02-07 07:20:32.586999+00:00,0.0
182,3ca4ae80-0c2c-11e8-94e3-6172d17563d6,No data,No data,No data,2018-02-07 17:28:01.163000+00:00,2.7666666666666666
183,3cab7040-0bb3-11e8-9ae7-a9ce5e3c1c65,No data,No data,No data,2018-02-07 03:01:48.625999+00:00,0.0
184,3cd92ca0-0bd7-11e8-ae3c-a16aee2118a1,7Iv1Fvr6UZJ+cSM+GOglAw==,cpc,a9Yj/+1ZvP9IJ1OM0mHmfg==,2018-02-07 07:20:22.121999+00:00,0.0
185,3cd92ca0-0bd7-11e8-ae3c-a16aee2118a1,No data,No data,No data,2018-02-07 07:20:27.667999+00:00,14.783333333333333
186,3dd833d0-0bdc-11e8-a2a0-cf04bfb434ad,No data,No data,No data,2018-02-07 07:55:21.668999+00:00,0.0
187,3fa91ee0-0bbe-11e8-a53b-5b480fa5136a,No data,No data,No data,2018-02-07 04:20:38.204999+00:00,0.0
188,3fb5a230-0be3-11e8-8120-ff29e1c1b169,No data,No data,No data,2018-02-07 08:45:28.392999+00:00,0.43333333333333335
189,3fb71190-062c-11e8-8428-211cea2f597c,No data,No data,No data,2018-02-07 02:58:53.092000+00:00,2.3333333333333335
190,3fd60900-0bc3-11e8-8f3c-63bdf5080e9a,No data,No data,No data,2018-02-07 08:56:52.805999+00:00,0.0
191,4018aac0-0bd8-11e8-9e55-49f0e1ac406f,No data,No data,No data,2018-02-07 07:26:45.516999+00:00,0.26666666666666666
192,407777f0-0ba9-11e8-a2be-7b28ad10c032,7Iv1Fvr6UZJ+cSM+GOglAw==,cpc,gqDWysmcLCDuzccEwxyy9A==,2018-02-07 05:50:31.020999+00:00,0.0
193,41ad1e50-0923-11e8-85f4-5b59ca4b4ac1,No data,No data,No data,2018-02-07 11:15:58.256999+00:00,0.0
194,43554610-0c02-11e8-b218-7388b453ce21,No data,No data,No data,2018-02-07 12:27:29.625999+00:00,0.45
195,444c1fd0-0c1b-11e8-b09a-8b17334fb8df,No data,No data,No data,2018-02-07 15:29:36.384000+00:00,0.35
196,447fde30-0c14-11e8-84e4-0195ce3f1771,No data,No data,No data,2018-02-07 14:36:22.601000+00:00,0.5833333333333334
197,4516a320-0c18-11e8-811c-53c4c5d2b1cf,yCLBtjhT7Sc7iWh6xQX5+g==,cpc,No data,2018-02-07 15:05:02.469000+00:00,0.0
198,4516a320-0c18-11e8-811c-53c4c5d2b1cf,No data,No data,No data,2018-02-07 15:05:09.792999+00:00,189.58333333333334
199,46710b30-0be5-11e8-a264-b1bb3e00049e,yCLBtjhT7Sc7iWh6xQX5+g==,cpc,No data,2018-02-07 09:00:00.114000+00:00,0.16666666666666666
200,46710b30-0be5-11e8-a264-b1bb3e00049e,No data,No data,No data,2018-02-07 09:00:23.559000+00:00,0.0
201,46d5ea80-0bc4-11e8-acd9-3bc267989d1c,No data,No data,No data,2018-02-07 05:03:47.141000+00:00,0.0
202,46ed95b0-0a5a-11e8-b1f7-c5f18d8c36a3,No data,No data,No data,2018-02-07 07:39:35.930999+00:00,34.5
203,4775c770-0bd9-11e8-b509-51714d422a16,7Iv1Fvr6UZJ+cSM+GOglAw==,cpc,CJNiaxAkackGcR6j3+AO6w==,2018-02-07 07:34:07.344000+00:00,0.0
204,4775c770-0bd9-11e8-b509-51714d422a16,No data,No data,No data,2018-02-07 07:37:15.816999+00:00,0.0
205,478ca140-0bcd-11e8-87a4-95694c7a4da0,No data,No data,No data,2018-02-07 10:08:25.721999+00:00,0.0
206,48823df0-0ba3-11e8-8851-9fdec9c3fcc6,yCLBtjhT7Sc7iWh6xQX5+g==,cpc,No data,2018-02-07 01:06:18.302000+00:00,2.283333333333333
207,48823df0-0ba3-11e8-8851-9fdec9c3fcc6,No data,No data,No data,2018-02-07 01:08:44.493999+00:00,0.0
208,48823df0-0ba3-11e8-8851-9fdec9c3fcc6,yCLBtjhT7Sc7iWh6xQX5+g==,cpc,No data,2018-02-07 01:08:54.960000+00:00,0.0
209,488f3600-0c42-11e8-87f6-f7fde935da1d,7Iv1Fvr6UZJ+cSM+GOglAw==,cpc,CJNiaxAkackGcR6j3+AO6w==,2018-02-07 20:05:15.545000+00:00,0.0
210,488f3600-0c42-11e8-87f6-f7fde935da1d,No data,No data,No data,2018-02-07 20:05:31.865999+00:00,13.133333333333333
211,49e1dd10-0be7-11e8-915d-119f046387b5,No data,No data,No data,2018-02-07 09:14:25.862999+00:00,0.48333333333333334
212,4a58a240-0bbc-11e8-a9aa-7b9b7ff9ab60,No data,No data,No data,2018-02-07 04:06:36.854000+00:00,0.3
213,4a58a240-0bbc-11e8-a9aa-7b9b7ff9ab60,No data,No data,No data,2018-02-07 08:56:48.617000+00:00,0.6
214,4a8d5ca0-00e1-11e8-bdef-27714e70e155,No data,No data,No data,2018-02-07 09:41:25.342000+00:00,3.3
215,4af91ea0-0bd5-11e8-b3d3-2df43fa1f529,7Iv1Fvr6UZJ+cSM+GOglAw==,cpc,scMIE0HCE9amvF9RU2DiyQ==,2018-02-07 07:05:37.171000+00:00,0.21666666666666667
216,4b9c9550-0bfb-11e8-98ac-ef0c5aad9c24,No data,No data,No data,2018-02-07 11:37:39.921000+00:00,140.9
217,4bf67270-0ab9-11e8-9b0c-8351ff0c4d86,No data,No data,No data,2018-02-07 13:48:58.684999+00:00,0.0
218,4bff9680-0bf3-11e8-a442-21bc84464374,No data,No data,No data,2018-02-07 10:40:22.237999+00:00,0.0
219,4c6988d0-0c28-11e8-9c39-b9c8264c5884,No data,No data,No data,2018-02-07 16:59:46.644000+00:00,0.0
220,4fdf9100-0c0d-11e8-b001-215854c08b62,No data,No data,No data,2018-02-07 13:46:35.112999+00:00,0.8
221,5053bf20-0bd7-11e8-ace1-8b0d1a761429,No data,No data,No data,2018-02-07 07:20:03.509999+00:00,0.0
222,511999d0-0c1c-11e8-b728-aba856fbb8bf,No data,No data,No data,2018-02-07 15:34:02.174000+00:00,0.0
223,51375370-0bfa-11e8-8555-ade0e8c35f13,No data,No data,No data,2018-02-07 11:30:41.821000+00:00,0.35
224,521c02f0-0c4e-11e8-a009-7dce1c4535b6,yCLBtjhT7Sc7iWh6xQX5+g==,cpc,No data,2018-02-07 21:31:57.607000+00:00,0.11666666666666667
225,521c02f0-0c4e-11e8-a009-7dce1c4535b6,No data,No data,No data,2018-02-07 21:32:20.395999+00:00,0.36666666666666664
226,521c02f0-0c4e-11e8-a009-7dce1c4535b6,yCLBtjhT7Sc7iWh6xQX5+g==,cpc,No data,2018-02-07 21:32:46.394000+00:00,0.0
227,524f7900-0be0-11e8-8245-e1033e4bbde8,yCLBtjhT7Sc7iWh6xQX5+g==,cpc,No data,2018-02-07 08:24:33.135999+00:00,0.0
228,524f7900-0be0-11e8-8245-e1033e4bbde8,No data,No data,No data,2018-02-07 08:24:39.250000+00:00,253.23333333333332
229,525d39a0-0ba9-11e8-9966-7109b747641d,No data,No data,No data,2018-02-07 01:50:49.999000+00:00,0.016666666666666666
230,52d6d5d0-0bfe-11e8-8e2d-f5f6bbbb9607,No data,No data,No data,2018-02-07 12:57:54.450000+00:00,1.0333333333333334
231,54522c90-0c3d-11e8-889b-c791537da6e5,7Iv1Fvr6UZJ+cSM+GOglAw==,cpc,CJNiaxAkackGcR6j3+AO6w==,2018-02-07 19:30:30.049999+00:00,0.0
232,54522c90-0c3d-11e8-889b-c791537da6e5,7Iv1Fvr6UZJ+cSM+GOglAw==,cpc,a9Yj/+1ZvP9IJ1OM0mHmfg==,2018-02-07 19:30:30.059000+00:00,0.0
233,54522c90-0c3d-11e8-889b-c791537da6e5,No data,No data,No data,2018-02-07 19:30:30.066999+00:00,0.0
234,54522c90-0c3d-11e8-889b-c791537da6e5,7Iv1Fvr6UZJ+cSM+GOglAw==,cpc,a9Yj/+1ZvP9IJ1OM0mHmfg==,2018-02-07 19:30:32.720000+00:00,0.16666666666666666
235,54522c90-0c3d-11e8-889b-c791537da6e5,No data,No data,No data,2018-02-07 19:31:10.194000+00:00,3.216666666666667
236,545249e0-0c0c-11e8-ae1f-7bdf53a70d7b,No data,No data,No data,2018-02-07 13:39:34.088000+00:00,0.0
237,54a92440-0b8f-11e8-8be0-19b619ce080c,yCLBtjhT7Sc7iWh6xQX5+g==,cpc,No data,2018-02-07 10:06:33.319999+00:00,0.0
238,54a92440-0b8f-11e8-8be0-19b619ce080c,No data,No data,No data,2018-02-07 10:06:48.032000+00:00,0.0
239,54a92440-0b8f-11e8-8be0-19b619ce080c,yCLBtjhT7Sc7iWh6xQX5+g==,cpc,No data,2018-02-07 10:07:07.265000+00:00,0.23333333333333334
240,561ae0a0-0c27-11e8-933c-f7176e161be6,7Iv1Fvr6UZJ+cSM+GOglAw==,cpc,ur54RH5Ne+LWtBGm0Yux8w==,2018-02-07 16:52:47.615999+00:00,0.0
241,561ae0a0-0c27-11e8-933c-f7176e161be6,7Iv1Fvr6UZJ+cSM+GOglAw==,cpc,Hu6FE/orzevU8B8hTe3Gdw==,2018-02-07 16:52:47.983000+00:00,0.0
242,561ae0a0-0c27-11e8-933c-f7176e161be6,No data,No data,No data,2018-02-07 16:52:51.244999+00:00,0.8833333333333333
243,56648680-0455-11e8-aec8-4306de9dcdc1,No data,No data,No data,2018-02-07 12:22:16.796000+00:00,0.0
244,56648680-0455-11e8-aec8-4306de9dcdc1,yCLBtjhT7Sc7iWh6xQX5+g==,cpc,No data,2018-02-07 12:24:08.411000+00:00,0.0
245,569f8c10-0c4a-11e8-a45c-83c90412185a,No data,No data,No data,2018-02-07 21:03:25.954999+00:00,0.0
246,5716d100-0c20-11e8-91b6-1508a64016fc,No data,No data,No data,2018-02-07 16:02:51.723999+00:00,0.4166666666666667
247,58001430-0c4f-11e8-bf75-3ff95c4a9f41,7Iv1Fvr6UZJ+cSM+GOglAw==,cpc,WHSyEneJw2EdnwqFYeOnaQ==,2018-02-07 21:37:09.246000+00:00,0.1
248,58001430-0c4f-11e8-bf75-3ff95c4a9f41,No data,No data,No data,2018-02-07 21:37:20.621000+00:00,0.2833333333333333
249,58d89fb0-0be8-11e8-9533-b116755c9642,No data,No data,No data,2018-02-07 09:21:58.882999+00:00,0.0
250,59ea9ef0-0a06-11e8-8e1f-0d4367edf17c,7Iv1Fvr6UZJ+cSM+GOglAw==,cpc,a9Yj/+1ZvP9IJ1OM0mHmfg==,2018-02-07 17:04:31.894000+00:00,0.1
251,59ea9ef0-0a06-11e8-8e1f-0d4367edf17c,No data,No data,No data,2018-02-07 17:04:39.055000+00:00,71.83333333333333
252,5a534480-0bb6-11e8-8c5d-b7dc0ef2bc67,No data,No data,No data,2018-02-07 03:24:07.000999+00:00,0.0
253,5ad411d0-0bf9-11e8-b63f-ed27bb4f8d83,No data,No data,No data,2018-02-07 11:23:44.063999+00:00,26.5
254,5c00b480-0c05-11e8-be99-b52c092a9b0a,No data,No data,No data,2018-02-07 12:49:39.461999+00:00,0.0
255,5d190bb0-0bec-11e8-9308-9ba0fccbf593,No data,No data,No data,2018-02-07 09:50:44.684999+00:00,0.0
256,5d29c200-0c43-11e8-b0f0-cdf262d03e49,7Iv1Fvr6UZJ+cSM+GOglAw==,cpc,CJNiaxAkackGcR6j3+AO6w==,2018-02-07 20:13:30.493999+00:00,0.0
257,5d29c200-0c43-11e8-b0f0-cdf262d03e49,7Iv1Fvr6UZJ+cSM+GOglAw==,cpc,a9Yj/+1ZvP9IJ1OM0mHmfg==,2018-02-07 20:13:31.148999+00:00,0.0
258,5d29c200-0c43-11e8-b0f0-cdf262d03e49,No data,No data,No data,2018-02-07 20:13:42.802999+00:00,32.81666666666667
259,5d29c200-0c43-11e8-b0f0-cdf262d03e49,7Iv1Fvr6UZJ+cSM+GOglAw==,cpc,CJNiaxAkackGcR6j3+AO6w==,2018-02-07 20:49:35.989000+00:00,0.0
260,5d29c200-0c43-11e8-b0f0-cdf262d03e49,No data,No data,No data,2018-02-07 20:49:57.677000+00:00,0.0
261,5d39b140-0c27-11e8-9515-e33873ed955e,7Iv1Fvr6UZJ+cSM+GOglAw==,cpc,0k6YtpoSj+mIDaKWJa+Pxg==,2018-02-07 16:53:04.711999+00:00,0.13333333333333333
262,5d39b140-0c27-11e8-9515-e33873ed955e,No data,No data,No data,2018-02-07 16:53:21.367000+00:00,0.5333333333333333
263,5da43f60-0583-11e8-bde7-19dde8a16d33,No data,No data,No data,2018-02-07 06:15:26.878999+00:00,125.5
264,5e55ce40-0be8-11e8-afef-55107d040dcb,No data,No data,No data,2018-02-07 09:22:08.065000+00:00,0.15
265,60eef0e0-0c02-11e8-9152-cdefa14cdb12,No data,No data,No data,2018-02-07 12:21:40.917999+00:00,5.383333333333334
266,61496260-0c01-11e8-918c-dfb5fee8a2f6,No data,No data,No data,2018-02-07 12:21:10.742000+00:00,1.5666666666666667
267,61782140-0c06-11e8-a7ff-ddce556f9a1f,No data,No data,No data,2018-02-07 12:56:58.470000+00:00,2.05
268,61871360-0c1c-11e8-9a87-01f7372f84ed,No data,No data,No data,2018-02-07 15:34:28.062000+00:00,0.0
269,6202eb60-0c22-11e8-8147-6b7c28aad0a6,No data,No data,No data,2018-02-07 16:17:25.996000+00:00,0.0
270,624492d0-0c23-11e8-9bbf-158b5206f2a5,No data,No data,No data,2018-02-07 16:24:51.104000+00:00,0.0
271,62bb8010-0bed-11e8-b08d-8dff89247a90,No data,No data,No data,2018-02-07 09:58:05.374000+00:00,0.0
272,62e875c0-0be8-11e8-b5a5-6bac2f2bbc81,7Iv1Fvr6UZJ+cSM+GOglAw==,cpc,7CyejM5VDmcQeKKWFXPjJQ==,2018-02-07 09:22:17.913000+00:00,0.0
273,62e875c0-0be8-11e8-b5a5-6bac2f2bbc81,No data,No data,No data,2018-02-07 09:22:36.002000+00:00,0.0
274,62e875c0-0be8-11e8-b5a5-6bac2f2bbc81,7Iv1Fvr6UZJ+cSM+GOglAw==,cpc,7CyejM5VDmcQeKKWFXPjJQ==,2018-02-07 09:22:41.805999+00:00,0.0
275,62e875c0-0be8-11e8-b5a5-6bac2f2bbc81,No data,No data,No data,2018-02-07 09:22:51.549999+00:00,0.5
276,634b10b0-0bff-11e8-9b65-71f858a0f7d2,No data,No data,No data,2018-02-07 12:06:54.828000+00:00,173.31666666666666
277,636d9330-0c07-11e8-999e-351d07dbfeba,No data,No data,No data,2018-02-07 13:04:14.217999+00:00,0.0
278,636e6da0-0bf3-11e8-9135-f99003f13006,No data,No data,No data,2018-02-07 10:41:01.585000+00:00,0.0
279,63724260-0bec-11e8-8940-c90df5c68adb,No data,No data,No data,2018-02-07 09:55:27.532000+00:00,0.05
280,637fab80-0bce-11e8-a3c9-47d84a5c9c60,No data,No data,No data,2018-02-07 06:16:10.289000+00:00,0.0
281,63a2adf0-0bfc-11e8-af42-452365aed402,7Iv1Fvr6UZJ+cSM+GOglAw==,cpc,a9Yj/+1ZvP9IJ1OM0mHmfg==,2018-02-07 11:45:26.911000+00:00,0.5
282,63a2adf0-0bfc-11e8-af42-452365aed402,No data,No data,No data,2018-02-07 11:46:06.440000+00:00,15.45
283,63e40c70-0beb-11e8-acf4-a7d0a7591de4,7Iv1Fvr6UZJ+cSM+GOglAw==,cpc,a9Yj/+1ZvP9IJ1OM0mHmfg==,2018-02-07 09:43:47.903000+00:00,0.36666666666666664
284,63e40c70-0beb-11e8-acf4-a7d0a7591de4,No data,No data,No data,2018-02-07 09:44:21.130000+00:00,0.5333333333333333
285,63e40c70-0beb-11e8-acf4-a7d0a7591de4,7Iv1Fvr6UZJ+cSM+GOglAw==,cpc,CJNiaxAkackGcR6j3+AO6w==,2018-02-07 09:45:24.105999+00:00,0.0
286,63f4b070-0bfa-11e8-8d1b-f12f623b0050,yCLBtjhT7Sc7iWh6xQX5+g==,cpc,No data,2018-02-07 11:31:08.502000+00:00,0.016666666666666666
287,63f4b070-0bfa-11e8-8d1b-f12f623b0050,No data,No data,No data,2018-02-07 11:31:11.405999+00:00,52.3
288,652b7a30-0be3-11e8-a9dc-919fdc1709e7,7Iv1Fvr6UZJ+cSM+GOglAw==,cpc,7CyejM5VDmcQeKKWFXPjJQ==,2018-02-07 08:46:33.829999+00:00,0.7333333333333333
289,652b7a30-0be3-11e8-a9dc-919fdc1709e7,No data,No data,No data,2018-02-07 10:14:00.904000+00:00,0.0
290,65548c90-0c10-11e8-a2aa-cb404a6207a0,No data,No data,No data,2018-02-07 14:08:39.882999+00:00,1.1333333333333333
291,655c66d0-0333-11e8-bce3-0fe7e6218d38,No data,No data,No data,2018-02-07 04:43:31.065999+00:00,0.0
292,65de1220-0b03-11e8-9219-79eb4d351794,No data,No data,No data,2018-02-07 07:52:07.322000+00:00,0.06666666666666667
293,66332400-0bd4-11e8-9dc3-07bb249f8c64,yCLBtjhT7Sc7iWh6xQX5+g==,cpc,No data,2018-02-07 06:59:11.917999+00:00,0.11666666666666667
294,66332400-0bd4-11e8-9dc3-07bb249f8c64,No data,No data,No data,2018-02-07 06:59:22.571000+00:00,17.75
295,66470f40-0bd6-11e8-9d76-635cbf72b516,No data,No data,No data,2018-02-07 07:13:31.286999+00:00,2.3
296,664fe9e0-0bcb-11e8-88a3-2f72b52e4801,No data,No data,No data,2018-02-07 05:54:46.650000+00:00,0.35
297,66ec2d40-0bf4-11e8-af03-415c88316367,7Iv1Fvr6UZJ+cSM+GOglAw==,cpc,a9Yj/+1ZvP9IJ1OM0mHmfg==,2018-02-07 10:48:17.713000+00:00,8.366666666666667
298,672c0050-0c3f-11e8-bd89-3d2a20793aa9,7Iv1Fvr6UZJ+cSM+GOglAw==,cpc,Hu6FE/orzevU8B8hTe3Gdw==,2018-02-07 19:45:19.826999+00:00,0.18333333333333332
299,672c0050-0c3f-11e8-bd89-3d2a20793aa9,7Iv1Fvr6UZJ+cSM+GOglAw==,cpc,ur54RH5Ne+LWtBGm0Yux8w==,2018-02-07 19:45:38.063999+00:00,0.0
300,672c0050-0c3f-11e8-bd89-3d2a20793aa9,No data,No data,No data,2018-02-07 19:46:34.813999+00:00,4.183333333333334
301,6a607890-0c59-11e8-a63c-a1cbbea727c7,No data,No data,No data,2018-02-07 22:51:21.464999+00:00,3.933333333333333
302,6a6cb760-0bc6-11e8-a4e0-cf515a423f7f,No data,No data,No data,2018-02-07 05:19:05.987999+00:00,0.0
303,6adbee20-0c2d-11e8-94b2-db7c535fd72b,yCLBtjhT7Sc7iWh6xQX5+g==,cpc,No data,2018-02-07 17:32:53.404000+00:00,56.266666666666666
304,6b076d20-0c3c-11e8-bad4-817c2ccb94e3,No data,No data,No data,2018-02-07 19:23:49.575999+00:00,0.0
305,6b1f1240-0bd8-11e8-86a0-890e1ca6765d,No data,No data,No data,2018-02-07 07:27:57.813999+00:00,0.0
306,6b5d4ef0-0c34-11e8-96b3-9f901f8b3c90,yCLBtjhT7Sc7iWh6xQX5+g==,cpc,No data,2018-02-07 18:26:32.677000+00:00,0.5166666666666667
307,6b5d4ef0-0c34-11e8-96b3-9f901f8b3c90,No data,No data,No data,2018-02-07 18:27:24.638999+00:00,0.6
308,6b5d4ef0-0c34-11e8-96b3-9f901f8b3c90,yCLBtjhT7Sc7iWh6xQX5+g==,cpc,No data,2018-02-07 18:28:17.286000+00:00,0.0
309,6b5d4ef0-0c34-11e8-96b3-9f901f8b3c90,No data,No data,No data,2018-02-07 18:28:42.749000+00:00,0.0
310,6b5d4ef0-0c34-11e8-96b3-9f901f8b3c90,yCLBtjhT7Sc7iWh6xQX5+g==,cpc,No data,2018-02-07 18:28:52.029000+00:00,0.23333333333333334
311,6b5d4ef0-0c34-11e8-96b3-9f901f8b3c90,No data,No data,No data,2018-02-07 18:29:16.005000+00:00,0.0
312,6b5d4ef0-0c34-11e8-96b3-9f901f8b3c90,yCLBtjhT7Sc7iWh6xQX5+g==,cpc,No data,2018-02-07 18:30:12.413000+00:00,0.7833333333333333
313,6b5d4ef0-0c34-11e8-96b3-9f901f8b3c90,No data,No data,No data,2018-02-07 18:31:06.532999+00:00,0.0
314,6b5d4ef0-0c34-11e8-96b3-9f901f8b3c90,yCLBtjhT7Sc7iWh6xQX5+g==,cpc,No data,2018-02-07 18:31:32.342999+00:00,1.0
315,6c794110-0c46-11e8-b2d4-ddf531e0e4c2,No data,No data,No data,2018-02-07 20:35:21.302000+00:00,3.95
316,6ca84de0-0c26-11e8-9332-f9d878de5c3a,yCLBtjhT7Sc7iWh6xQX5+g==,cpc,No data,2018-02-07 17:16:44.114000+00:00,0.0
317,6d01f180-0c24-11e8-8e33-07f94cfee719,NLpBAHu739LoItFVAFWb0w==,cpv,KGsy1OUTouCgKFZtsqYzVQ==,2018-02-07 16:32:04.516000+00:00,121.98333333333333
318,6d7a4490-0b0d-11e8-a11f-616f958aa3fe,No data,No data,No data,2018-02-07 09:19:57.368999+00:00,103.71666666666667
319,6e1a7c50-0bf6-11e8-a5ab-2f2767f9a7b5,7Iv1Fvr6UZJ+cSM+GOglAw==,cpc,CJNiaxAkackGcR6j3+AO6w==,2018-02-07 11:02:50.917999+00:00,0.0
320,6e8b2530-0c06-11e8-ad7f-fd29eb793856,yCLBtjhT7Sc7iWh6xQX5+g==,cpc,No data,2018-02-07 12:57:20.548000+00:00,0.05
321,6e8b2530-0c06-11e8-ad7f-fd29eb793856,No data,No data,No data,2018-02-07 12:57:25.091000+00:00,2.5166666666666666
322,6ea86470-0bf6-11e8-92f3-99f48b2b45e5,7Iv1Fvr6UZJ+cSM+GOglAw==,cpc,SSonnyiyONRnrjiY/QDAiw==,2018-02-07 11:02:51.721999+00:00,0.0
323,6ed1e9a0-0bef-11e8-a651-7ff1180b6834,No data,No data,No data,2018-02-07 10:12:42.365999+00:00,1.55
324,6f024510-0bc6-11e8-9e78-494d1ec18fc5,No data,No data,No data,2018-02-07 05:19:13.674999+00:00,0.0
325,6f5e7dc0-0be5-11e8-af13-4f131baf2768,No data,No data,No data,2018-02-07 09:01:08.332000+00:00,0.0
326,706df960-0b1e-11e8-9ece-79362f8e62c7,No data,No data,No data,2018-02-07 04:20:33.226999+00:00,37.983333333333334
327,706df960-0b1e-11e8-9ece-79362f8e62c7,No data,No data,No data,2018-02-07 09:37:00.954999+00:00,1.6833333333333333
328,70b2af60-0c22-11e8-9c86-63389069fb74,No data,No data,No data,2018-02-07 16:14:05.983000+00:00,37.733333333333334
329,70c827a0-0c2c-11e8-a334-7daab1508523,No data,No data,No data,2018-02-07 17:29:21.395999+00:00,1.2166666666666666
330,70ff7bc0-0c62-11e8-81a8-eda25c3d393c,No data,No data,No data,2018-02-07 23:57:09.029999+00:00,0.08333333333333333
331,717fc030-0c1e-11e8-9cfe-2d668239558c,7Iv1Fvr6UZJ+cSM+GOglAw==,cpc,a9Yj/+1ZvP9IJ1OM0mHmfg==,2018-02-07 15:49:13.540999+00:00,0.0
332,717fc030-0c1e-11e8-9cfe-2d668239558c,No data,No data,No data,2018-02-07 15:49:42.144000+00:00,7.583333333333333
333,719b5c80-0c34-11e8-9644-094d3d28f365,7Iv1Fvr6UZJ+cSM+GOglAw==,cpc,a9Yj/+1ZvP9IJ1OM0mHmfg==,2018-02-07 18:26:42.884000+00:00,0.25
334,719b5c80-0c34-11e8-9644-094d3d28f365,No data,No data,No data,2018-02-07 18:27:09.434000+00:00,1.6333333333333333
335,71b5c640-0a5b-11e8-9f84-2b86185446fe,No data,No data,No data,2018-02-07 08:55:36.910000+00:00,10.95
336,71daa9e0-0bfc-11e8-a937-836a5798f2b3,No data,No data,No data,2018-02-07 11:45:51.667999+00:00,0.6666666666666666
337,72f98b90-0bf5-11e8-96a8-79cd2f0bd4c1,No data,No data,No data,2018-02-07 10:55:46.250000+00:00,5.35
338,74294800-007b-11e8-b81e-3391c80c98c4,No data,No data,No data,2018-02-07 10:55:51.174999+00:00,0.0
339,74294800-007b-11e8-b81e-3391c80c98c4,No data,No data,No data,2018-02-07 20:38:10.329999+00:00,0.0
340,7487aba0-0bb3-11e8-a1b7-e53f85a0b6fc,No data,No data,No data,2018-02-07 03:03:22.369999+00:00,0.0
341,754c9990-0bc4-11e8-a293-fb8536dfaf3c,7Iv1Fvr6UZJ+cSM+GOglAw==,cpc,a9Yj/+1ZvP9IJ1OM0mHmfg==,2018-02-07 05:05:04.882999+00:00,0.13333333333333333
342,754c9990-0bc4-11e8-a293-fb8536dfaf3c,No data,No data,No data,2018-02-07 05:05:22.359999+00:00,1.1
343,754c9990-0bc4-11e8-a293-fb8536dfaf3c,No data,No data,No data,2018-02-07 14:25:42.555999+00:00,23.8
344,75ec02e0-0c3d-11e8-9d78-bbca03969cde,yCLBtjhT7Sc7iWh6xQX5+g==,cpc,No data,2018-02-07 19:31:15.298000+00:00,0.0
345,75ec02e0-0c3d-11e8-9d78-bbca03969cde,No data,No data,No data,2018-02-07 19:31:25.368999+00:00,5.466666666666667
346,76014db0-0c3f-11e8-a2bb-734d0a6ef3e9,7Iv1Fvr6UZJ+cSM+GOglAw==,cpc,CJNiaxAkackGcR6j3+AO6w==,2018-02-07 19:45:37.219000+00:00,0.0
347,76014db0-0c3f-11e8-a2bb-734d0a6ef3e9,7Iv1Fvr6UZJ+cSM+GOglAw==,cpc,a9Yj/+1ZvP9IJ1OM0mHmfg==,2018-02-07 19:45:37.220000+00:00,0.0
348,76014db0-0c3f-11e8-a2bb-734d0a6ef3e9,No data,No data,No data,2018-02-07 19:46:36.035000+00:00,4.75
349,76f572b0-0c34-11e8-a790-872cdcf19ada,7Iv1Fvr6UZJ+cSM+GOglAw==,cpc,7CyejM5VDmcQeKKWFXPjJQ==,2018-02-07 18:26:51.423000+00:00,0.13333333333333333
350,779a2780-0bce-11e8-b714-4138b9429553,eUdUPXMqN2CImzRw+SVnXA==,email,Uiwkan+XEQuhr4f4nqG7yg==,2018-02-07 06:16:03.826999+00:00,0.0
351,779a2780-0bce-11e8-b714-4138b9429553,No data,No data,No data,2018-02-07 06:16:23.993999+00:00,0.0
352,779a2780-0bce-11e8-b714-4138b9429553,eUdUPXMqN2CImzRw+SVnXA==,email,Uiwkan+XEQuhr4f4nqG7yg==,2018-02-07 06:19:58.767999+00:00,0.0
353,779a2780-0bce-11e8-b714-4138b9429553,No data,No data,No data,2018-02-07 06:20:05.871000+00:00,0.0
354,779a2780-0bce-11e8-b714-4138b9429553,eUdUPXMqN2CImzRw+SVnXA==,email,Uiwkan+XEQuhr4f4nqG7yg==,2018-02-07 06:20:53.168999+00:00,0.0
355,77d7ec00-0c4b-11e8-b2bd-ed158ea4e4d9,7Iv1Fvr6UZJ+cSM+GOglAw==,cpc,7CyejM5VDmcQeKKWFXPjJQ==,2018-02-07 21:11:31.599999+00:00,0.18333333333333332
356,78137f50-0c54-11e8-821d-012fd8c0ab51,No data,No data,No data,2018-02-07 22:15:57.302000+00:00,4.666666666666667
357,7849bbe0-0be3-11e8-9cb7-1f6c71118a62,No data,No data,No data,2018-02-07 08:47:04.371999+00:00,104.56666666666666
358,79d37b70-0c2b-11e8-9208-37af2288224c,7Iv1Fvr6UZJ+cSM+GOglAw==,cpc,scMIE0HCE9amvF9RU2DiyQ==,2018-02-07 17:22:32.786000+00:00,0.2833333333333333
359,79d37b70-0c2b-11e8-9208-37af2288224c,No data,No data,No data,2018-02-07 17:23:01.049000+00:00,155.16666666666666
360,7a819790-0bf0-11e8-8bae-f75c6efe385a,No data,No data,No data,2018-02-07 10:20:11.755000+00:00,0.0
361,7ab807e0-0c53-11e8-b64e-33af4e53ab8f,No data,No data,No data,2018-02-07 22:08:51.888000+00:00,0.1
362,7b0543b0-0c36-11e8-a622-79dc101ff8e8,yCLBtjhT7Sc7iWh6xQX5+g==,cpc,No data,2018-02-07 18:41:19.203000+00:00,0.5166666666666667
363,7b0543b0-0c36-11e8-a622-79dc101ff8e8,No data,No data,No data,2018-02-07 18:41:54.979000+00:00,7.216666666666667
364,7b371f60-0c05-11e8-ba88-43594e706c09,No data,No data,No data,2018-02-07 12:50:32.812000+00:00,0.0
365,7b4c26a0-0c08-11e8-9a4e-07cee66cce95,No data,No data,No data,2018-02-07 13:12:01.448999+00:00,0.0
366,7c490360-0beb-11e8-b776-9d2d8fa2eb3a,No data,No data,No data,2018-02-07 09:44:26.796000+00:00,37.11666666666667
367,7c490360-0beb-11e8-b776-9d2d8fa2eb3a,No data,No data,No data,2018-02-07 17:32:07.782000+00:00,3.1666666666666665
368,7d99da70-0bf8-11e8-bb68-49b9a75cf335,7Iv1Fvr6UZJ+cSM+GOglAw==,cpc,u2mdI0mp5IOKcu2glaqR2Q==,2018-02-07 11:17:32.091000+00:00,0.0
369,7d99da70-0bf8-11e8-bb68-49b9a75cf335,No data,No data,No data,2018-02-07 11:17:47.132999+00:00,0.45
370,7d99da70-0bf8-11e8-bb68-49b9a75cf335,7Iv1Fvr6UZJ+cSM+GOglAw==,cpc,u2mdI0mp5IOKcu2glaqR2Q==,2018-02-07 11:18:18.135999+00:00,30.583333333333332
371,7e611eb0-0bcf-11e8-b280-d341f243d427,No data,No data,No data,2018-02-07 06:24:04.543999+00:00,0.0
372,7ec57b40-0bce-11e8-9a35-7f2b8abcc7ec,No data,No data,No data,2018-02-07 06:12:39.486999+00:00,19.05
373,7fcdec20-0c32-11e8-a2da-d5b8f3493b76,7Iv1Fvr6UZJ+cSM+GOglAw==,cpc,UcdTsZ8aVobmMwpTt/ICxQ==,2018-02-07 18:12:47.408999+00:00,0.38333333333333336
374,81ee6eb0-0bd0-11e8-8e76-95f2fdc33932,No data,No data,No data,2018-02-07 06:31:20.364000+00:00,0.0
375,82030f80-0bcd-11e8-9c6a-17b3beb5688b,eUdUPXMqN2CImzRw+SVnXA==,email,Uiwkan+XEQuhr4f4nqG7yg==,2018-02-07 06:09:50.621999+00:00,0.0
376,82188390-0bde-11e8-8622-779122e674a3,7Iv1Fvr6UZJ+cSM+GOglAw==,cpc,gqDWysmcLCDuzccEwxyy9A==,2018-02-07 08:11:35.000999+00:00,0.0
377,827e3750-0beb-11e8-bcf9-19865eab7e5b,yCLBtjhT7Sc7iWh6xQX5+g==,cpc,No data,2018-02-07 09:44:37.348000+00:00,0.13333333333333333
378,827e3750-0beb-11e8-bcf9-19865eab7e5b,No data,No data,No data,2018-02-07 09:44:46.403000+00:00,5.633333333333334
379,827e3750-0beb-11e8-bcf9-19865eab7e5b,yCLBtjhT7Sc7iWh6xQX5+g==,cpc,No data,2018-02-07 09:51:17.000999+00:00,0.15
380,827e3750-0beb-11e8-bcf9-19865eab7e5b,No data,No data,No data,2018-02-07 09:51:27.559999+00:00,9.166666666666666
381,827e3750-0beb-11e8-bcf9-19865eab7e5b,yCLBtjhT7Sc7iWh6xQX5+g==,cpc,No data,2018-02-07 10:00:46.566999+00:00,0.0
382,827e3750-0beb-11e8-bcf9-19865eab7e5b,No data,No data,No data,2018-02-07 10:00:53.941999+00:00,0.0
383,827e3750-0beb-11e8-bcf9-19865eab7e5b,yCLBtjhT7Sc7iWh6xQX5+g==,cpc,No data,2018-02-07 10:01:06.641999+00:00,0.0
384,82e35130-0c2c-11e8-9e39-7b34c2ab63b4,yCLBtjhT7Sc7iWh6xQX5+g==,cpc,No data,2018-02-07 17:29:56.273000+00:00,0.03333333333333333
385,82e35130-0c2c-11e8-9e39-7b34c2ab63b4,No data,No data,No data,2018-02-07 17:30:14.160000+00:00,93.75
386,83197070-0bec-11e8-a809-af3ff0068f0f,No data,No data,No data,2018-02-07 09:52:07.677999+00:00,32.68333333333333
387,831b1f80-0c2b-11e8-9490-ad4034722cfe,7Iv1Fvr6UZJ+cSM+GOglAw==,cpc,7CyejM5VDmcQeKKWFXPjJQ==,2018-02-07 17:22:47.174999+00:00,0.06666666666666667
388,831df460-0bd8-11e8-870c-59839085ed75,No data,No data,No data,2018-02-07 07:28:38.342000+00:00,0.0
389,845a7330-0bb0-11e8-a7af-610b65eaf9a4,No data,No data,No data,2018-02-07 02:42:20.545000+00:00,0.0
390,8499f100-067d-11e8-a933-cdaa957c67a3,eUdUPXMqN2CImzRw+SVnXA==,email,Uiwkan+XEQuhr4f4nqG7yg==,2018-02-07 06:30:45.897000+00:00,0.0
391,849d2240-0c44-11e8-b387-d7b3fdbd9480,No data,No data,No data,2018-02-07 20:21:44.756999+00:00,0.75
392,84d500f0-0bdd-11e8-80f3-f304c70852df,No data,No data,No data,2018-02-07 08:04:28.180000+00:00,0.0
393,84e4ed30-0be2-11e8-ab75-9f3ad7230869,No data,No data,No data,2018-02-07 08:40:17.598999+00:00,15.783333333333333
394,86a16810-0bd3-11e8-b362-edf33937e9ff,No data,No data,No data,2018-02-07 06:52:56.276999+00:00,50.88333333333333
395,872acb70-0c17-11e8-951c-25d8f0693291,7Iv1Fvr6UZJ+cSM+GOglAw==,cpc,u2mdI0mp5IOKcu2glaqR2Q==,2018-02-07 15:01:58.642999+00:00,2.45
396,872acb70-0c17-11e8-951c-25d8f0693291,No data,No data,No data,2018-02-07 15:04:47.346999+00:00,0.0
397,872acb70-0c17-11e8-951c-25d8f0693291,7Iv1Fvr6UZJ+cSM+GOglAw==,cpc,u2mdI0mp5IOKcu2glaqR2Q==,2018-02-07 15:05:20.428999+00:00,0.08333333333333333
398,87ec85e0-0bf8-11e8-a171-f76fcff59d15,No data,No data,No data,2018-02-07 11:09:20.634999+00:00,6.25
399,889c9470-0bd6-11e8-b7d7-d9828a407acc,No data,No data,No data,2018-02-07 07:14:30.970000+00:00,1.9833333333333334
400,88f5b230-08bb-11e8-8fa7-19afb06f482a,No data,No data,No data,2018-02-07 17:39:09.423000+00:00,0.35
401,890c9120-0bd2-11e8-bd25-c73ea25007ff,No data,No data,No data,2018-02-07 06:45:53.759999+00:00,0.0
402,893f3e40-0bf0-11e8-a429-a7947467bf3f,7Iv1Fvr6UZJ+cSM+GOglAw==,cpc,a9Yj/+1ZvP9IJ1OM0mHmfg==,2018-02-07 10:13:27.007999+00:00,0.0
403,893f3e40-0bf0-11e8-a429-a7947467bf3f,No data,No data,No data,2018-02-07 10:13:41.361000+00:00,6.283333333333333
404,894dbc90-0c45-11e8-8a08-51bc4b0e06e1,No data,No data,No data,2018-02-07 20:29:00.276999+00:00,2.05
405,8a956bb0-0c2d-11e8-b859-07375dd7d5c6,No data,No data,No data,2018-02-07 17:37:17.733999+00:00,6.1
406,8bc4f690-0c23-11e8-bba9-57f388ad2b58,yCLBtjhT7Sc7iWh6xQX5+g==,cpc,No data,2018-02-07 16:25:45.164999+00:00,0.36666666666666664
407,8bc4f690-0c23-11e8-bba9-57f388ad2b58,No data,No data,No data,2018-02-07 16:26:26.914000+00:00,0.5666666666666667
408,8bdb61c0-0c44-11e8-a135-25687ee2dbdb,No data,No data,No data,2018-02-07 20:21:58.937999+00:00,0.0
409,8cb7d720-0bd8-11e8-9fbf-3da9cfc442c4,No data,No data,No data,2018-02-07 07:28:53.920000+00:00,0.016666666666666666
410,8d0cdf50-0bb4-11e8-b63d-f78f3b2ffd4c,No data,No data,No data,2018-02-07 03:11:13.023999+00:00,0.0
411,8d9c7810-0c57-11e8-ae00-7b34701a810e,No data,No data,No data,2018-02-07 22:38:01.622999+00:00,13.05
412,9152a9d0-02b5-11e8-992b-0d785f19e4cc,eUdUPXMqN2CImzRw+SVnXA==,email,KGWz8TQfKAoMRlrayPzEbA==,2018-02-07 04:23:37.611000+00:00,0.0
413,916a4df0-0c20-11e8-8774-0f8d3255239a,No data,No data,No data,2018-02-07 16:04:25.944999+00:00,0.0
414,91c89830-0bec-11e8-8034-69450f97d7f7,No data,No data,No data,2018-02-07 08:44:38.506000+00:00,0.3
415,92153af0-0bd3-11e8-984e-39cac705dec8,No data,No data,No data,2018-02-07 06:53:15.634999+00:00,0.0
416,921fc5a0-0bfc-11e8-b80f-6f34bf197cf4,7Iv1Fvr6UZJ+cSM+GOglAw==,cpc,a9Yj/+1ZvP9IJ1OM0mHmfg==,2018-02-07 11:46:45.171999+00:00,0.0
417,921fc5a0-0bfc-11e8-b80f-6f34bf197cf4,No data,No data,No data,2018-02-07 11:46:49.026000+00:00,3.8
418,93045a10-0bcc-11e8-991f-e98d5281a1d3,No data,No data,No data,2018-02-07 06:03:11.289000+00:00,1.6333333333333333
419,9332e9e0-0c29-11e8-a006-691cb23c08f0,7Iv1Fvr6UZJ+cSM+GOglAw==,cpc,a9Yj/+1ZvP9IJ1OM0mHmfg==,2018-02-07 17:08:54.114000+00:00,0.0
420,9332e9e0-0c29-11e8-a006-691cb23c08f0,No data,No data,No data,2018-02-07 17:10:01.654000+00:00,0.26666666666666666
421,9397dfb0-0c49-11e8-9494-5199ecb786fe,7Iv1Fvr6UZJ+cSM+GOglAw==,cpc,7CyejM5VDmcQeKKWFXPjJQ==,2018-02-07 20:57:40.779999+00:00,0.0
422,9397dfb0-0c49-11e8-9494-5199ecb786fe,No data,No data,No data,2018-02-07 20:58:03.464999+00:00,0.5333333333333333
423,9405ab60-0bf6-11e8-be02-ff28e19d3f54,No data,No data,No data,2018-02-07 11:03:57.308000+00:00,0.0
424,9442f8e0-0a3d-11e8-aaa2-5f64ff10fbae,No data,No data,No data,2018-02-07 05:55:10.180000+00:00,0.0
425,94c4fec0-0c2d-11e8-b8b6-691c8ae18aca,No data,No data,No data,2018-02-07 17:37:35.282999+00:00,0.25
426,953ff690-0bea-11e8-a47e-cdc07921d4fd,No data,No data,No data,2018-02-07 09:38:00.904000+00:00,5.666666666666667
427,95b4f6c0-0bae-11e8-bf70-69f79081f8a0,No data,No data,No data,2018-02-07 02:28:30.371999+00:00,0.0
428,95d1bd00-0bef-11e8-8291-a9f7b8553b48,No data,No data,No data,2018-02-07 10:13:49.405999+00:00,1.75
429,95d79250-0c50-11e8-9a73-9db15a565c79,No data,No data,No data,2018-02-07 21:48:09.030999+00:00,0.43333333333333335
430,96be74b0-0bf4-11e8-8144-453fbd5e578c,No data,No data,No data,2018-02-07 10:49:34.006000+00:00,0.7833333333333333
431,97254020-0b20-11e8-a443-fdccaa083095,No data,No data,No data,2018-02-07 07:11:08.591000+00:00,19.9
432,97900de0-0b36-11e8-b04e-a9236a877304,No data,No data,No data,2018-02-07 07:47:12.618000+00:00,0.43333333333333335
433,989660a0-0c02-11e8-a661-51fa4afeb09e,7Iv1Fvr6UZJ+cSM+GOglAw==,cpc,7CyejM5VDmcQeKKWFXPjJQ==,2018-02-07 12:30:07.061000+00:00,1.3333333333333333
434,99128060-0c00-11e8-b43c-433c3577f550,No data,No data,No data,2018-02-07 12:15:47.670000+00:00,0.06666666666666667
435,99312af0-0c0b-11e8-aa1c-11e9832e85bd,No data,No data,No data,2018-02-07 13:34:19.464999+00:00,0.0
436,99a28b60-0c00-11e8-a2dd-4ba2508e90b4,7Iv1Fvr6UZJ+cSM+GOglAw==,cpc,0k6YtpoSj+mIDaKWJa+Pxg==,2018-02-07 12:15:36.630000+00:00,0.0
437,9b1bf810-0c18-11e8-8c49-efe5bf155db4,No data,No data,No data,2018-02-07 15:07:27.674000+00:00,109.46666666666667
438,9bf2c5c0-0b78-11e8-8363-67668ead874c,No data,No data,No data,2018-02-07 03:42:20.230999+00:00,8.033333333333333
439,9ca8f4c0-0bd8-11e8-8760-291f267d40d2,No data,No data,No data,2018-02-07 07:29:21.055999+00:00,0.0
440,9dd74d80-0bd6-11e8-a151-e9c47fed2ee8,No data,No data,No data,2018-02-07 07:15:03.709000+00:00,0.38333333333333336
441,9f33c6b0-0bca-11e8-a10e-356f2eb5f258,No data,No data,No data,2018-02-07 05:49:12.497999+00:00,0.38333333333333336
442,a009e000-0b49-11e8-a65d-5d223eca512b,No data,No data,No data,2018-02-07 09:32:16.029999+00:00,0.0
443,a0631100-0ba0-11e8-97f3-df628e69672b,No data,No data,No data,2018-02-07 00:48:35.315000+00:00,5.75
444,a0631100-0ba0-11e8-97f3-df628e69672b,yCLBtjhT7Sc7iWh6xQX5+g==,cpc,No data,2018-02-07 00:56:15.443000+00:00,0.5
445,a0631100-0ba0-11e8-97f3-df628e69672b,No data,No data,No data,2018-02-07 00:56:47.279000+00:00,2.033333333333333
446,a0631100-0ba0-11e8-97f3-df628e69672b,yCLBtjhT7Sc7iWh6xQX5+g==,cpc,No data,2018-02-07 00:58:52.526000+00:00,0.0
447,a069d9a0-0c62-11e8-a613-8174a3bd3b4c,yCLBtjhT7Sc7iWh6xQX5+g==,cpc,No data,2018-02-07 23:57:16.936000+00:00,0.75
448,a069d9a0-0c62-11e8-a613-8174a3bd3b4c,No data,No data,No data,2018-02-07 23:58:12.243999+00:00,0.6166666666666667
449,a069d9a0-0c62-11e8-a613-8174a3bd3b4c,yCLBtjhT7Sc7iWh6xQX5+g==,cpc,No data,2018-02-07 23:58:55.828000+00:00,0.016666666666666666
450,a069d9a0-0c62-11e8-a613-8174a3bd3b4c,No data,No data,No data,2018-02-07 23:59:13.604000+00:00,0.0
451,a069d9a0-0c62-11e8-a613-8174a3bd3b4c,yCLBtjhT7Sc7iWh6xQX5+g==,cpc,No data,2018-02-07 23:59:55.013999+00:00,0.016666666666666666
452,a0706ef0-0bd6-11e8-96cc-a7e4feb59b63,No data,No data,No data,2018-02-07 07:15:08.763999+00:00,0.0
453,a0738620-0c2c-11e8-9f03-9107b64044ea,eUdUPXMqN2CImzRw+SVnXA==,email,Uiwkan+XEQuhr4f4nqG7yg==,2018-02-07 17:30:44.855999+00:00,0.0
454,a0738620-0c2c-11e8-9f03-9107b64044ea,No data,No data,No data,2018-02-07 17:30:54.849999+00:00,0.0
455,a121de70-0bf3-11e8-b53c-b1b879cacf89,No data,No data,No data,2018-02-07 10:42:45.078000+00:00,0.0
456,a2371ed0-0bce-11e8-bb2f-7f9f6c9a6425,No data,No data,No data,2018-02-07 06:17:55.490999+00:00,0.0
457,a2457800-057e-11e8-8cfe-a9d64c1e0624,yCLBtjhT7Sc7iWh6xQX5+g==,cpc,No data,2018-02-07 05:01:47.404000+00:00,0.0
458,a2457800-057e-11e8-8cfe-a9d64c1e0624,No data,No data,No data,2018-02-07 05:01:51.552000+00:00,2.75
459,a2be3ba0-0c3b-11e8-b6c4-a962115d44c5,No data,No data,No data,2018-02-07 23:18:13.709000+00:00,0.016666666666666666
460,a2d7a1f0-0c39-11e8-8c54-3bf78a83876c,No data,No data,No data,2018-02-07 19:03:53.589999+00:00,3.4
461,a36107c0-0bed-11e8-bfdc-6561cc0aee1c,No data,No data,No data,2018-02-07 09:59:52.328000+00:00,0.0
462,a3ad2530-0b9b-11e8-9a93-b52d30de1ca2,7Iv1Fvr6UZJ+cSM+GOglAw==,cpc,SSonnyiyONRnrjiY/QDAiw==,2018-02-07 00:12:53.720000+00:00,0.0
463,a3ad2530-0b9b-11e8-9a93-b52d30de1ca2,No data,No data,No data,2018-02-07 00:13:20.930000+00:00,7.283333333333333
464,a3afc460-0c37-11e8-864e-85cc14de8647,No data,No data,No data,2018-02-07 18:49:32.927000+00:00,2.533333333333333
465,a3da0a20-0bb2-11e8-a827-0b6c1d1e80df,No data,No data,No data,2018-02-07 02:57:32.084000+00:00,0.0
466,a3e86090-0c37-11e8-ab0c-371ca8724cb3,7Iv1Fvr6UZJ+cSM+GOglAw==,cpc,CJNiaxAkackGcR6j3+AO6w==,2018-02-07 18:49:35.063999+00:00,0.0
467,a3e86090-0c37-11e8-ab0c-371ca8724cb3,7Iv1Fvr6UZJ+cSM+GOglAw==,cpc,a9Yj/+1ZvP9IJ1OM0mHmfg==,2018-02-07 18:49:35.868000+00:00,0.18333333333333332
468,a3e86090-0c37-11e8-ab0c-371ca8724cb3,No data,No data,No data,2018-02-07 18:50:06.742000+00:00,1.5166666666666666
469,a4570e40-0bf2-11e8-b183-d3029171cbe5,yCLBtjhT7Sc7iWh6xQX5+g==,cpc,No data,2018-02-07 10:35:40.631999+00:00,0.0
470,a4570e40-0bf2-11e8-b183-d3029171cbe5,No data,No data,No data,2018-02-07 10:36:13.078000+00:00,0.23333333333333334
471,a4609840-0bff-11e8-a48e-bdc2f73f358f,7Iv1Fvr6UZJ+cSM+GOglAw==,cpc,CJNiaxAkackGcR6j3+AO6w==,2018-02-07 12:08:43.611000+00:00,0.0
472,a4609840-0bff-11e8-a48e-bdc2f73f358f,No data,No data,No data,2018-02-07 12:15:30.141999+00:00,0.31666666666666665
473,a519a4b0-0c23-11e8-80a9-45025d0edce7,No data,No data,No data,2018-02-07 16:24:53.059000+00:00,0.5
474,a5696840-0ba8-11e8-8d39-cfc8be5b16aa,No data,No data,No data,2018-02-07 05:46:06.121000+00:00,0.0
475,a58234e0-0bff-11e8-a3e0-fdbfe7bf85bd,7Iv1Fvr6UZJ+cSM+GOglAw==,cpc,a9Yj/+1ZvP9IJ1OM0mHmfg==,2018-02-07 12:08:45.901999+00:00,0.0
476,a5a39400-0727-11e8-b249-b1575ff80d7f,No data,No data,No data,2018-02-07 05:44:07.581000+00:00,2.9833333333333334
477,a65a6fd0-0c28-11e8-aa97-7df5309f3107,yCLBtjhT7Sc7iWh6xQX5+g==,cpc,No data,2018-02-07 17:02:16.710000+00:00,0.0
478,a65a6fd0-0c28-11e8-aa97-7df5309f3107,No data,No data,No data,2018-02-07 17:02:19.207000+00:00,4.15
479,a7f82d00-0bf6-11e8-bcc9-7dfa789e11b4,No data,No data,No data,2018-02-07 11:04:25.368000+00:00,0.25
480,a8333fc0-0c2e-11e8-bed6-6d3a85ec1d23,yCLBtjhT7Sc7iWh6xQX5+g==,cpc,No data,2018-02-07 17:46:33.790999+00:00,0.08333333333333333
481,a8333fc0-0c2e-11e8-bed6-6d3a85ec1d23,No data,No data,No data,2018-02-07 17:46:45.653000+00:00,2.566666666666667
482,a8333fc0-0c2e-11e8-bed6-6d3a85ec1d23,yCLBtjhT7Sc7iWh6xQX5+g==,cpc,No data,2018-02-07 17:56:32.443000+00:00,0.0
483,a8333fc0-0c2e-11e8-bed6-6d3a85ec1d23,No data,No data,No data,2018-02-07 17:56:38.400000+00:00,80.73333333333333
484,a8fecdb0-054a-11e8-9e95-e9b090d57309,No data,No data,No data,2018-02-07 18:15:55.111000+00:00,6.866666666666666
485,a9288820-0c21-11e8-b0dc-19f508099c72,7Iv1Fvr6UZJ+cSM+GOglAw==,cpc,SSonnyiyONRnrjiY/QDAiw==,2018-02-07 16:12:19.703999+00:00,0.0
486,a9288820-0c21-11e8-b0dc-19f508099c72,7Iv1Fvr6UZJ+cSM+GOglAw==,cpc,scMIE0HCE9amvF9RU2DiyQ==,2018-02-07 16:12:19.706000+00:00,0.1
487,a9288820-0c21-11e8-b0dc-19f508099c72,No data,No data,No data,2018-02-07 16:12:29.575999+00:00,14.083333333333334
488,a92969c0-0be5-11e8-989e-7b8306c9ab9c,No data,No data,No data,2018-02-07 09:02:45.318000+00:00,5.5
489,a93b97c0-0c1d-11e8-9eb3-99d73fa29dae,No data,No data,No data,2018-02-07 15:43:37.398999+00:00,0.6666666666666666
490,aa319020-0bd3-11e8-8cba-8de8cebb2980,7Iv1Fvr6UZJ+cSM+GOglAw==,cpc,u2mdI0mp5IOKcu2glaqR2Q==,2018-02-07 06:54:22.561000+00:00,0.0
491,aaa10a40-0c14-11e8-b092-5fc38c728a0c,No data,No data,No data,2018-02-07 14:39:13.947999+00:00,1.25
492,ab6bcef0-0c01-11e8-a437-75d7f7c3e560,7Iv1Fvr6UZJ+cSM+GOglAw==,cpc,AtVvhAzO2HkP2JGa9wkKvg==,2018-02-07 12:23:16.529000+00:00,0.0
493,ab6d5030-0bee-11e8-a639-51ced04a99d0,7Iv1Fvr6UZJ+cSM+GOglAw==,cpc,7CyejM5VDmcQeKKWFXPjJQ==,2018-02-07 10:07:20.563999+00:00,0.16666666666666666
494,ac2191f0-0c23-11e8-9fcb-c9f88b71aa83,No data,No data,No data,2018-02-07 16:26:39.415999+00:00,4.0
495,acb6d640-0be5-11e8-b682-e9ab42c155f1,No data,No data,No data,2018-02-07 09:02:49.073999+00:00,14.3
496,acb6d640-0be5-11e8-b682-e9ab42c155f1,No data,No data,No data,2018-02-07 17:18:17.492000+00:00,14.066666666666666
497,ad1cb410-0bd1-11e8-bdc0-79e914e80259,No data,No data,No data,2018-02-07 06:39:42.076999+00:00,0.0
498,ad49f8b0-0b9c-11e8-9dee-d783a2819938,No data,No data,No data,2018-02-07 00:20:19.023000+00:00,1.1833333333333333
499,ad5ba0c0-0bf0-11e8-9ffd-410d5f9c7e1c,yCLBtjhT7Sc7iWh6xQX5+g==,cpc,No data,2018-02-07 10:25:00.519000+00:00,0.0
500,ad5ba0c0-0bf0-11e8-9ffd-410d5f9c7e1c,No data,No data,No data,2018-02-07 10:25:09.260999+00:00,13.85
501,ad5c0730-0bf6-11e8-8d0e-8dda5996421a,No data,No data,No data,2018-02-07 11:04:33.802999+00:00,224.25
502,b0229a10-0c1e-11e8-92b7-657482f56419,No data,No data,No data,2018-02-07 16:46:14.394000+00:00,5.266666666666667
503,b085a6d0-0c0c-11e8-86dd-07cf259beea2,No data,No data,No data,2018-02-07 13:42:08.802000+00:00,0.0
504,b117d280-0bfd-11e8-99ec-7371e48ad309,No data,No data,No data,2018-02-07 11:54:45.190000+00:00,0.6666666666666666
505,b14a3ae0-0c02-11e8-8926-6ddd20835a7d,No data,No data,No data,2018-02-07 12:30:34.555999+00:00,0.0
506,b15aada0-0c5a-11e8-8b19-6d98a1e6cd9d,No data,No data,No data,2018-02-07 23:00:31.493000+00:00,21.516666666666666
507,b176d410-0c4d-11e8-af14-e33461841f1b,eUdUPXMqN2CImzRw+SVnXA==,email,Uiwkan+XEQuhr4f4nqG7yg==,2018-02-07 21:27:27.184000+00:00,0.0
508,b226eed0-0bcc-11e8-b46c-255d45a3eb8a,No data,No data,No data,2018-02-07 06:04:02.788000+00:00,0.0
509,b23e70a0-0bdb-11e8-8314-853cfe61a11c,No data,No data,No data,2018-02-07 07:51:25.914000+00:00,0.0
510,b28a9430-0c30-11e8-8c2c-9d6b28f99e24,yCLBtjhT7Sc7iWh6xQX5+g==,cpc,No data,2018-02-07 17:56:22.316999+00:00,0.18333333333333332
511,b28a9430-0c30-11e8-8c2c-9d6b28f99e24,No data,No data,No data,2018-02-07 17:56:45.934999+00:00,17.816666666666666
512,b2a112c0-0bca-11e8-8ef9-2909c693121e,No data,No data,No data,2018-02-07 05:49:43.724999+00:00,0.0
513,b4e2a5e0-0bec-11e8-be32-6355e9985b67,No data,No data,No data,2018-02-07 09:53:11.779999+00:00,0.0
514,b4faa1e0-0bc4-11e8-9616-cf73025a9ab9,No data,No data,No data,2018-02-07 05:06:51.799000+00:00,0.0
515,b503eb80-0bd6-11e8-a02d-b931717ab2d1,7Iv1Fvr6UZJ+cSM+GOglAw==,cpc,Hu6FE/orzevU8B8hTe3Gdw==,2018-02-07 07:15:40.846999+00:00,0.2
516,b503eb80-0bd6-11e8-a02d-b931717ab2d1,No data,No data,No data,2018-02-07 07:15:57.191999+00:00,4.55
517,b503eb80-0bd6-11e8-a02d-b931717ab2d1,No data,No data,No data,2018-02-07 11:35:48.553999+00:00,11.15
518,b503eb80-0bd6-11e8-a02d-b931717ab2d1,No data,No data,No data,2018-02-07 23:23:52.904000+00:00,9.283333333333333
519,b5711a80-0bfd-11e8-86bc-e9d24cb48d92,yCLBtjhT7Sc7iWh6xQX5+g==,cpc,No data,2018-02-07 11:54:52.993000+00:00,0.21666666666666667
520,b5bbdef0-0bd8-11e8-8ade-372b1a37a93c,No data,No data,No data,2018-02-07 06:32:34.984999+00:00,2.2
521,b5ceba80-029f-11e8-bb21-8947574306c7,No data,No data,No data,2018-02-07 17:19:17.775000+00:00,4.15
522,b65e8f50-0c1f-11e8-979c-5bfaf11af261,7Iv1Fvr6UZJ+cSM+GOglAw==,cpc,CJNiaxAkackGcR6j3+AO6w==,2018-02-07 15:58:18.726000+00:00,0.0
523,b65e8f50-0c1f-11e8-979c-5bfaf11af261,7Iv1Fvr6UZJ+cSM+GOglAw==,cpc,a9Yj/+1ZvP9IJ1OM0mHmfg==,2018-02-07 15:58:19.529000+00:00,0.6833333333333333
524,b65e8f50-0c1f-11e8-979c-5bfaf11af261,No data,No data,No data,2018-02-07 15:59:02.953999+00:00,5.2
525,b67d0710-0c0f-11e8-9303-f3ff51afd45a,No data,No data,No data,2018-02-07 14:04:15.615000+00:00,0.45
526,b6d94190-0bf3-11e8-a99a-6b02b4eb4405,No data,No data,No data,2018-02-07 10:43:21.318000+00:00,0.2833333333333333
527,b70a9380-0c2f-11e8-9e8d-ab432fbf88bf,7Iv1Fvr6UZJ+cSM+GOglAw==,cpc,a9Yj/+1ZvP9IJ1OM0mHmfg==,2018-02-07 17:52:52.332000+00:00,0.0
528,b70a9380-0c2f-11e8-9e8d-ab432fbf88bf,No data,No data,No data,2018-02-07 17:52:57.835999+00:00,3.466666666666667
529,b7a76d20-07b8-11e8-8924-9be1a723f2a2,No data,No data,No data,2018-02-07 04:32:20.164000+00:00,425.5
530,b7a76d20-07b8-11e8-8924-9be1a723f2a2,No data,No data,No data,2018-02-07 22:40:59.687999+00:00,29.066666666666666
531,b7e2fab0-0c46-11e8-83c4-95b11394add1,yCLBtjhT7Sc7iWh6xQX5+g==,cpc,No data,2018-02-07 20:37:31.188999+00:00,0.06666666666666667
532,b7e2fab0-0c46-11e8-83c4-95b11394add1,No data,No data,No data,2018-02-07 20:37:45.072999+00:00,0.9166666666666666
533,b7eb8d00-0bd4-11e8-8815-e76f276a6f14,No data,No data,No data,2018-02-07 07:01:28.348000+00:00,39.65
534,b8693c50-026f-11e8-b351-716b3354a43b,No data,No data,No data,2018-02-07 15:49:34.358000+00:00,7.4
535,b95a4e50-0bcb-11e8-a3e2-21854783c93e,No data,No data,No data,2018-02-07 05:57:05.769999+00:00,0.06666666666666667
536,b9e57780-0bf0-11e8-a6d8-ebee90f645e7,No data,No data,No data,2018-02-07 09:22:33.196000+00:00,2.9833333333333334
537,b9f80990-0bfa-11e8-879a-8ba9f0039e07,7Iv1Fvr6UZJ+cSM+GOglAw==,cpc,7CyejM5VDmcQeKKWFXPjJQ==,2018-02-07 11:33:32.690999+00:00,0.0
538,b9f80990-0bfa-11e8-879a-8ba9f0039e07,No data,No data,No data,2018-02-07 11:33:41.571000+00:00,0.23333333333333334
539,ba2ddf70-0c22-11e8-b1fc-eb98e5e4e49d,7Iv1Fvr6UZJ+cSM+GOglAw==,cpc,ur54RH5Ne+LWtBGm0Yux8w==,2018-02-07 16:19:53.473000+00:00,0.0
540,ba2ddf70-0c22-11e8-b1fc-eb98e5e4e49d,No data,No data,No data,2018-02-07 16:19:59.950000+00:00,1.4166666666666667
541,ba2ddf70-0c22-11e8-b1fc-eb98e5e4e49d,7Iv1Fvr6UZJ+cSM+GOglAw==,cpc,ur54RH5Ne+LWtBGm0Yux8w==,2018-02-07 16:21:29.296999+00:00,0.0
542,ba2ddf70-0c22-11e8-b1fc-eb98e5e4e49d,No data,No data,No data,2018-02-07 16:21:42.109999+00:00,6.483333333333333
543,bb18d0c0-0bd7-11e8-9f7a-fbbd0ecc317a,No data,No data,No data,2018-02-07 07:23:02.864000+00:00,0.9
544,bbd50d80-0263-11e8-a23d-a1ffb2277d5e,No data,No data,No data,2018-02-07 22:11:35.388000+00:00,0.0
545,bc104260-0bd2-11e8-bf4c-a5c9ac206f6f,No data,No data,No data,2018-02-07 06:47:16.823999+00:00,0.0
546,bc908230-0c0f-11e8-81ee-933f9dd449ee,7Iv1Fvr6UZJ+cSM+GOglAw==,cpc,Hu6FE/orzevU8B8hTe3Gdw==,2018-02-07 14:03:57.017999+00:00,0.11666666666666667
547,bc908230-0c0f-11e8-81ee-933f9dd449ee,No data,No data,No data,2018-02-07 14:04:09.678999+00:00,3.5833333333333335
548,bca5f7a0-0c5f-11e8-9721-ef4e9531df37,7Iv1Fvr6UZJ+cSM+GOglAw==,cpc,ur54RH5Ne+LWtBGm0Yux8w==,2018-02-07 23:36:40.365999+00:00,0.0
549,bca74d10-0be4-11e8-add8-b181dfcd5be2,No data,No data,No data,2018-02-07 08:56:06.571000+00:00,0.0
550,bcd60230-0bb8-11e8-8582-fbf369a35e8b,No data,No data,No data,2018-02-07 03:41:11.071000+00:00,0.0
551,bcf9cc50-0c04-11e8-b96d-45e531bb92b8,No data,No data,No data,2018-02-07 12:45:13.709000+00:00,0.0
552,bdd40c70-0c14-11e8-a8f2-95004b5c1493,No data,No data,No data,2018-02-07 14:39:46.440000+00:00,7.3
553,be7d0ff0-0c0f-11e8-93b0-91dd513cbaf4,No data,No data,No data,2018-02-07 14:03:55.309000+00:00,0.7333333333333333
554,bf033e40-0bbf-11e8-a0c6-4f1b9a4cad03,No data,No data,No data,2018-02-07 04:31:21.207000+00:00,0.0
555,bf205dd0-0bac-11e8-9b6b-0560e29ec914,No data,No data,No data,2018-02-07 02:15:21.052000+00:00,0.0
556,bf27d910-0bc6-11e8-a894-574b1298aabb,No data,No data,No data,2018-02-07 05:21:28.171999+00:00,0.0
557,bf82ab30-0c32-11e8-8817-1959a89334ca,No data,No data,No data,2018-02-07 18:14:34.823999+00:00,9.7
558,c0b4cff0-0bed-11e8-ba12-17c0ec5f0be5,No data,No data,No data,2018-02-07 10:00:41.540999+00:00,0.0
559,c166a580-0bc6-11e8-9f68-dfe0913017df,7Iv1Fvr6UZJ+cSM+GOglAw==,cpc,PGOm5d14coFeUI2BCHp+yw==,2018-02-07 05:18:48.364000+00:00,0.2
560,c25bb8a0-0c2e-11e8-ab0b-69480d651789,yCLBtjhT7Sc7iWh6xQX5+g==,cpc,No data,2018-02-07 17:46:02.421000+00:00,0.4
561,c25bb8a0-0c2e-11e8-ab0b-69480d651789,No data,No data,No data,2018-02-07 17:46:40.598000+00:00,1.4666666666666666
562,c2c673e0-0bd7-11e8-8e2a-dfdfcb7fc5cf,7Iv1Fvr6UZJ+cSM+GOglAw==,cpc,PGOm5d14coFeUI2BCHp+yw==,2018-02-07 07:23:15.280999+00:00,0.4166666666666667
563,c2c673e0-0bd7-11e8-8e2a-dfdfcb7fc5cf,No data,No data,No data,2018-02-07 07:23:51.779999+00:00,0.26666666666666666
564,c2e426d0-0a9f-11e8-8125-4d25adc41bf4,eUdUPXMqN2CImzRw+SVnXA==,email,Uiwkan+XEQuhr4f4nqG7yg==,2018-02-07 16:45:44.217000+00:00,0.0
565,c3921dc0-0bd6-11e8-b359-714900d4c6d3,No data,No data,No data,2018-02-07 07:16:10.457000+00:00,0.6666666666666666
566,c51bd530-0b8d-11e8-9013-c7a39710e9cd,7Iv1Fvr6UZJ+cSM+GOglAw==,cpc,AtVvhAzO2HkP2JGa9wkKvg==,2018-02-07 02:33:52.249000+00:00,0.1
567,c5701270-0c0b-11e8-bb8e-834acdf680de,No data,No data,No data,2018-02-07 13:35:33.698999+00:00,311.06666666666666
568,c5732910-0bf2-11e8-870f-879b9cae0cc6,eUdUPXMqN2CImzRw+SVnXA==,email,Uiwkan+XEQuhr4f4nqG7yg==,2018-02-07 10:56:35.358999+00:00,1.1666666666666667
569,c5732910-0bf2-11e8-870f-879b9cae0cc6,No data,No data,No data,2018-02-07 10:57:53.607000+00:00,1.2833333333333334
570,c5732910-0bf2-11e8-870f-879b9cae0cc6,eUdUPXMqN2CImzRw+SVnXA==,email,Uiwkan+XEQuhr4f4nqG7yg==,2018-02-07 10:59:49.339999+00:00,0.5166666666666667
571,c5732910-0bf2-11e8-870f-879b9cae0cc6,No data,No data,No data,2018-02-07 11:00:36.423000+00:00,1.5666666666666667
572,c586b8a0-0c14-11e8-b48f-9f58c5a7d5e1,yCLBtjhT7Sc7iWh6xQX5+g==,cpc,No data,2018-02-07 14:39:59.005000+00:00,3.1333333333333333
573,c5c05680-0c25-11e8-b7b2-877b2cd125fe,7Iv1Fvr6UZJ+cSM+GOglAw==,cpc,u2mdI0mp5IOKcu2glaqR2Q==,2018-02-07 16:41:39.440999+00:00,164.1
574,c5d84f80-09ad-11e8-8454-3b4f82e6d1a5,No data,No data,No data,2018-02-07 06:11:54.503000+00:00,0.0
575,c5d84f80-09ad-11e8-8454-3b4f82e6d1a5,No data,No data,No data,2018-02-07 19:59:15.365999+00:00,0.0
576,c60038c0-0bf0-11e8-9235-8588a80acac0,7Iv1Fvr6UZJ+cSM+GOglAw==,cpc,a9Yj/+1ZvP9IJ1OM0mHmfg==,2018-02-07 10:22:18.631000+00:00,0.06666666666666667
577,c60038c0-0bf0-11e8-9235-8588a80acac0,No data,No data,No data,2018-02-07 10:22:24.348000+00:00,5.616666666666666
578,c65592a0-0c1a-11e8-bd48-3d03472f9c36,No data,No data,No data,2018-02-07 15:23:00.802000+00:00,0.0
579,c6895f90-0be8-11e8-9f2b-07372d076861,7Iv1Fvr6UZJ+cSM+GOglAw==,cpc,scMIE0HCE9amvF9RU2DiyQ==,2018-02-07 09:25:03.667000+00:00,0.0
580,c6895f90-0be8-11e8-9f2b-07372d076861,No data,No data,No data,2018-02-07 09:25:11.457999+00:00,50.233333333333334
581,c6d337a0-0bd9-11e8-9ebb-3d26139ae500,No data,No data,No data,2018-02-07 07:37:41.342000+00:00,0.0
582,c745f4a0-0bef-11e8-888f-936822e934c4,7Iv1Fvr6UZJ+cSM+GOglAw==,cpc,u2mdI0mp5IOKcu2glaqR2Q==,2018-02-07 10:15:06.957000+00:00,0.5833333333333334
583,c745f4a0-0bef-11e8-888f-936822e934c4,No data,No data,No data,2018-02-07 10:16:02.838999+00:00,0.13333333333333333
584,c75e6660-0272-11e8-a06c-6b18a4269672,No data,No data,No data,2018-02-07 17:28:04.130000+00:00,0.4666666666666667
585,c7ce12c0-0c23-11e8-a3f6-f58a766d2e80,7Iv1Fvr6UZJ+cSM+GOglAw==,cpc,AtVvhAzO2HkP2JGa9wkKvg==,2018-02-07 16:27:28.048000+00:00,0.0
586,c8379180-0bf8-11e8-afbe-d5dd526b2d53,7Iv1Fvr6UZJ+cSM+GOglAw==,cpc,a9Yj/+1ZvP9IJ1OM0mHmfg==,2018-02-07 11:19:37.378000+00:00,0.0
587,c8379180-0bf8-11e8-afbe-d5dd526b2d53,No data,No data,No data,2018-02-07 11:19:49.351999+00:00,1.8666666666666667
588,c8c458a0-0c2e-11e8-9267-136164d6341a,7Iv1Fvr6UZJ+cSM+GOglAw==,cpc,u2mdI0mp5IOKcu2glaqR2Q==,2018-02-07 18:47:36.661000+00:00,0.5333333333333333
589,c8cf4400-0c00-11e8-a2c3-454bf6c17856,No data,No data,No data,2018-02-07 12:16:57.459000+00:00,0.0
590,c8e9e7d0-0bc7-11e8-ba55-dd69a59dc69b,No data,No data,No data,2018-02-07 05:28:55.311000+00:00,0.0
591,c926ff30-0b77-11e8-9adc-af4701a8e7a5,No data,No data,No data,2018-02-07 03:29:20.437000+00:00,5.6
592,c9605b70-0c37-11e8-8c7e-07d5427790cf,7Iv1Fvr6UZJ+cSM+GOglAw==,cpc,SSonnyiyONRnrjiY/QDAiw==,2018-02-07 18:50:41.469000+00:00,0.06666666666666667
593,c9605b70-0c37-11e8-8c7e-07d5427790cf,No data,No data,No data,2018-02-07 18:53:26.131999+00:00,3.05
594,c99e05b0-0c00-11e8-8ae0-c74c680e6c15,No data,No data,No data,2018-02-07 12:17:00.413000+00:00,0.0
595,cb995620-0c24-11e8-b1ba-fb3d24478e7b,No data,No data,No data,2018-02-07 16:34:43.315000+00:00,25.466666666666665
596,cb9c5670-0bef-11e8-80af-cf5aaac3c0d9,No data,No data,No data,2018-02-07 10:15:18.375999+00:00,0.0
597,cc714950-0291-11e8-bbbf-1ff8e6f5bd80,eUdUPXMqN2CImzRw+SVnXA==,email,Uiwkan+XEQuhr4f4nqG7yg==,2018-02-07 09:49:23.171000+00:00,0.31666666666666665
598,cc714950-0291-11e8-bbbf-1ff8e6f5bd80,No data,No data,No data,2018-02-07 09:49:43.134000+00:00,163.81666666666666
599,cd193cd0-0bcb-11e8-b926-932380391134,7Iv1Fvr6UZJ+cSM+GOglAw==,cpc,ur54RH5Ne+LWtBGm0Yux8w==,2018-02-07 09:57:42.947000+00:00,0.0
600,cd241c00-0bfc-11e8-9439-0725d07c1921,No data,No data,No data,2018-02-07 11:48:24.947999+00:00,2.1
601,cdf3f3f0-0ba0-11e8-ac0d-05bb458a8b2d,No data,No data,No data,2018-02-07 00:45:19.933000+00:00,0.0
602,ce09c5f0-0118-11e8-9945-55420722b7bb,No data,No data,No data,2018-02-07 10:43:36.346999+00:00,3.55
603,ce68d430-0c00-11e8-9d0f-fd79a1bf90bf,No data,No data,No data,2018-02-07 12:17:06.934999+00:00,0.0
604,cec29100-089f-11e8-b72e-890fe52d9169,No data,No data,No data,2018-02-07 23:54:42.312000+00:00,0.0
605,ced34cd0-09f2-11e8-ac2c-c79d1873cd23,No data,No data,No data,2018-02-07 15:59:22.226000+00:00,185.43333333333334
606,cfaa0e20-0bfd-11e8-9374-1187736eb071,7Iv1Fvr6UZJ+cSM+GOglAw==,cpc,u2mdI0mp5IOKcu2glaqR2Q==,2018-02-07 11:55:39.688999+00:00,1.4666666666666666
607,cfe43de0-0c32-11e8-afe9-8def6c4a11a8,No data,No data,No data,2018-02-07 18:15:02.842000+00:00,55.68333333333333
608,d01ab370-0bbf-11e8-90f2-c34bcb5972ea,No data,No data,No data,2018-02-07 04:31:30.055000+00:00,0.0
609,d0cce940-0bbb-11e8-8bee-ab580464de86,7Iv1Fvr6UZJ+cSM+GOglAw==,cpc,7CyejM5VDmcQeKKWFXPjJQ==,2018-02-07 04:03:14.217000+00:00,0.45
610,d0effbd0-0c22-11e8-8b15-59233fbc9437,yCLBtjhT7Sc7iWh6xQX5+g==,cpc,No data,2018-02-07 16:20:32.696000+00:00,0.0
611,d0effbd0-0c22-11e8-8b15-59233fbc9437,No data,No data,No data,2018-02-07 16:20:43.295000+00:00,44.166666666666664
612,d0effbd0-0c22-11e8-8b15-59233fbc9437,yCLBtjhT7Sc7iWh6xQX5+g==,cpc,No data,2018-02-07 17:04:59.867000+00:00,0.0
613,d1176ee0-0bff-11e8-b603-a94235f50658,No data,No data,No data,2018-02-07 12:09:59.292000+00:00,2.3666666666666667
614,d15f4a80-0c45-11e8-abe5-59d3922a5f60,yCLBtjhT7Sc7iWh6xQX5+g==,cpc,No data,2018-02-07 20:31:04.375000+00:00,0.0
615,d15f4a80-0c45-11e8-abe5-59d3922a5f60,No data,No data,No data,2018-02-07 20:31:19.052999+00:00,2.2666666666666666
616,d1a5bfa0-09a3-11e8-b4d9-2bcd634df567,7Iv1Fvr6UZJ+cSM+GOglAw==,cpc,a9Yj/+1ZvP9IJ1OM0mHmfg==,2018-02-07 11:48:49.642999+00:00,0.0
617,d1a5bfa0-09a3-11e8-b4d9-2bcd634df567,No data,No data,No data,2018-02-07 11:48:56.448999+00:00,4.05
618,d34332e0-0bdb-11e8-adb3-415afdf18f6c,yCLBtjhT7Sc7iWh6xQX5+g==,cpc,No data,2018-02-07 07:52:20.789000+00:00,0.2833333333333333
619,d34332e0-0bdb-11e8-adb3-415afdf18f6c,No data,No data,No data,2018-02-07 07:52:56.812000+00:00,0.9333333333333333
620,d378fd10-0b24-11e8-9812-09e5cf9be667,7Iv1Fvr6UZJ+cSM+GOglAw==,cpc,a9Yj/+1ZvP9IJ1OM0mHmfg==,2018-02-07 19:21:57.045000+00:00,0.15
621,d378fd10-0b24-11e8-9812-09e5cf9be667,No data,No data,No data,2018-02-07 19:22:08.224999+00:00,55.65
622,d4b7d810-0c08-11e8-908e-d1e9578185e5,No data,No data,No data,2018-02-07 13:14:27.723000+00:00,0.35
623,d6d6bb40-0c1a-11e8-9be6-7d7972b903be,No data,No data,No data,2018-02-07 15:23:25.276999+00:00,4.0
624,d7612580-0299-11e8-9e88-a91fa7cd7e03,No data,No data,No data,2018-02-07 12:47:36.384000+00:00,20.483333333333334
625,d76ead90-0bae-11e8-9baa-f5262539a444,No data,No data,No data,2018-02-07 02:30:20.957000+00:00,0.0
626,d7dc7910-0b36-11e8-ad87-e77685be80a2,No data,No data,No data,2018-02-07 17:30:59.645999+00:00,23.033333333333335
627,d810c710-0c08-11e8-b969-e9a385014ee8,No data,No data,No data,2018-02-07 13:14:37.075000+00:00,0.0
628,d8281d70-0bf9-11e8-acb6-b91f994f34aa,No data,No data,No data,2018-02-07 11:27:34.559999+00:00,0.0
629,d9238be0-0be2-11e8-91f9-a1e81c55014d,7Iv1Fvr6UZJ+cSM+GOglAw==,cpc,CJNiaxAkackGcR6j3+AO6w==,2018-02-07 08:42:37.213000+00:00,0.05
630,d9238be0-0be2-11e8-91f9-a1e81c55014d,No data,No data,No data,2018-02-07 08:43:47.701999+00:00,0.2833333333333333
631,d96999f0-0c00-11e8-81a9-3705ded809a6,No data,No data,No data,2018-02-07 12:17:22.865000+00:00,0.0
632,d9b08e00-0c00-11e8-b409-d7d87d68f5c0,No data,No data,No data,2018-02-07 12:17:22.877000+00:00,0.0
633,daf89d60-0c0b-11e8-ad40-6dbaa791b9d4,No data,No data,No data,2018-02-07 13:36:19.296999+00:00,0.5
634,dbab68e0-0bda-11e8-8b7e-ed1822d2feb0,No data,No data,No data,2018-02-07 07:45:25.730000+00:00,0.11666666666666667
635,dcee8720-0ba1-11e8-9090-c96b969a4d90,No data,No data,No data,2018-02-07 00:57:26.816999+00:00,0.0
636,dcee8a10-0c44-11e8-83bf-71ad6fb89ff4,eUdUPXMqN2CImzRw+SVnXA==,email,Uiwkan+XEQuhr4f4nqG7yg==,2018-02-07 20:24:14.638999+00:00,0.0
637,dcf654e0-0bd9-11e8-a965-a95998b922e3,7Iv1Fvr6UZJ+cSM+GOglAw==,cpc,AtVvhAzO2HkP2JGa9wkKvg==,2018-02-07 11:38:22.635999+00:00,0.03333333333333333
638,dd229cc0-0c20-11e8-be8d-e5fd8fe291c7,No data,No data,No data,2018-02-07 16:06:32.854000+00:00,0.0
639,dd43a490-02a4-11e8-a691-33f3f3198743,No data,No data,No data,2018-02-07 09:52:21.947000+00:00,4.9
640,dd84ff50-0be4-11e8-a89b-07afa000a1f8,eUdUPXMqN2CImzRw+SVnXA==,email,KGWz8TQfKAoMRlrayPzEbA==,2018-02-07 08:57:04.023000+00:00,0.03333333333333333
641,dd84ff50-0be4-11e8-a89b-07afa000a1f8,No data,No data,No data,2018-02-07 08:57:07.653000+00:00,2.6166666666666667
642,ddce1740-0bd9-11e8-b3f7-a15d12eab220,No data,No data,No data,2018-02-07 07:38:20.026000+00:00,0.0
643,dddce4b0-0c23-11e8-accb-f5f61b6e9aaa,No data,No data,No data,2018-02-07 16:28:05.907999+00:00,4.116666666666666
644,de420630-0bc2-11e8-bc2d-71ff06af5d92,No data,No data,No data,2018-02-07 04:53:42.078000+00:00,0.0
645,de7934a0-0c37-11e8-a020-71fb9d8d648f,7Iv1Fvr6UZJ+cSM+GOglAw==,cpc,AtVvhAzO2HkP2JGa9wkKvg==,2018-02-07 18:51:15.030999+00:00,0.0
646,debab5d0-0c08-11e8-b3a1-a30ecc99d6ea,7Iv1Fvr6UZJ+cSM+GOglAw==,cpc,UcdTsZ8aVobmMwpTt/ICxQ==,2018-02-07 13:14:49.357000+00:00,0.26666666666666666
647,dee5bfa0-0c17-11e8-8ead-d73bf6e712c0,yCLBtjhT7Sc7iWh6xQX5+g==,cpc,No data,2018-02-07 15:01:35.979000+00:00,0.0
648,dee5bfa0-0c17-11e8-8ead-d73bf6e712c0,No data,No data,No data,2018-02-07 15:01:40.256999+00:00,1.45
649,df174900-0bed-11e8-89f6-5dec348e0c65,No data,No data,No data,2018-02-07 10:01:32.451999+00:00,0.0
650,df5a2f20-0bd1-11e8-b15e-c193e6b1de83,No data,No data,No data,2018-02-07 06:41:06.295000+00:00,0.0
651,dff476b0-0bfa-11e8-9dcb-ef910ab21584,yCLBtjhT7Sc7iWh6xQX5+g==,cpc,No data,2018-02-07 11:34:37.016000+00:00,0.0
652,dff476b0-0bfa-11e8-9dcb-ef910ab21584,No data,No data,No data,2018-02-07 11:34:54.857000+00:00,0.25
653,dff476b0-0bfa-11e8-9dcb-ef910ab21584,yCLBtjhT7Sc7iWh6xQX5+g==,cpc,No data,2018-02-07 11:35:15.003000+00:00,0.0
654,dff476b0-0bfa-11e8-9dcb-ef910ab21584,No data,No data,No data,2018-02-07 11:35:22.421999+00:00,2.9
655,e09c50d0-0c39-11e8-85fb-4bf2204d018d,No data,No data,No data,2018-02-07 19:05:35.871000+00:00,1.6166666666666667
656,e1f59ce0-0c05-11e8-96da-db71c498b247,No data,No data,No data,2018-02-07 12:53:25.255000+00:00,0.0
657,e2eef690-0c3d-11e8-8283-fd3adacf96c0,yCLBtjhT7Sc7iWh6xQX5+g==,cpc,No data,2018-02-07 19:32:29.365000+00:00,0.0
658,e2eef690-0c3d-11e8-8283-fd3adacf96c0,No data,No data,No data,2018-02-07 19:32:46.377000+00:00,4.6
659,e2eef690-0c3d-11e8-8283-fd3adacf96c0,yCLBtjhT7Sc7iWh6xQX5+g==,cpc,No data,2018-02-07 19:37:28.174000+00:00,0.0
660,e30a2f10-0be2-11e8-abf4-5b843b679ff1,No data,No data,No data,2018-02-07 08:42:58.959000+00:00,0.0
661,e3c82280-0bcf-11e8-9142-41fb3448c5b9,No data,No data,No data,2018-02-07 06:26:54.915999+00:00,0.0
662,e3e59cf0-0bcc-11e8-a44f-5d0ec319591e,No data,No data,No data,2018-02-07 06:05:26.710999+00:00,0.0
663,e3fa1970-0c47-11e8-9ff3-d39b2102778b,yCLBtjhT7Sc7iWh6xQX5+g==,cpc,No data,2018-02-07 20:45:54.683000+00:00,0.1
664,e3fa1970-0c47-11e8-9ff3-d39b2102778b,No data,No data,No data,2018-02-07 20:46:09.230000+00:00,0.1
665,e477dc90-0ba5-11e8-9efa-613b6a8eba3d,No data,No data,No data,2018-02-07 01:26:16.706000+00:00,22.1
666,e54611f0-0bb9-11e8-8a4e-d9ad3b73a9be,No data,No data,No data,2018-02-07 03:49:28.545000+00:00,0.0
667,e59d80c0-0bb9-11e8-9b6b-7ddabb8d9d9c,No data,No data,No data,2018-02-07 07:49:39.911999+00:00,0.0
668,e6930450-0bb9-11e8-9c26-21c7769b0cc8,No data,No data,No data,2018-02-07 07:49:41.499000+00:00,0.06666666666666667
669,e6994aa0-0c21-11e8-9c86-f35a7e46ff0c,No data,No data,No data,2018-02-07 16:13:58.296999+00:00,6.0
670,e69fcb00-0bb8-11e8-998a-cd8d0a53e30b,No data,No data,No data,2018-02-07 03:42:21.582999+00:00,0.0
671,e7265820-0c10-11e8-a6db-bda1221a5828,No data,No data,No data,2018-02-07 14:12:17.971999+00:00,240.68333333333334
672,e73f0910-0c38-11e8-973b-95f130ac81b5,7Iv1Fvr6UZJ+cSM+GOglAw==,cpc,a9Yj/+1ZvP9IJ1OM0mHmfg==,2018-02-07 18:58:38.982000+00:00,0.26666666666666666
673,e73f0910-0c38-11e8-973b-95f130ac81b5,No data,No data,No data,2018-02-07 18:59:06.411000+00:00,4.633333333333334
674,e75ff220-0854-11e8-b5d0-390881c0673e,yCLBtjhT7Sc7iWh6xQX5+g==,cpc,No data,2018-02-07 05:45:49.707999+00:00,0.0
675,e75ff220-0854-11e8-b5d0-390881c0673e,No data,No data,No data,2018-02-07 05:45:53.078999+00:00,2.066666666666667
676,e7a8de50-0bff-11e8-97f0-9da6edb79dfa,7Iv1Fvr6UZJ+cSM+GOglAw==,cpc,a9Yj/+1ZvP9IJ1OM0mHmfg==,2018-02-07 12:10:36.967999+00:00,0.0
677,e82da240-0c4d-11e8-adae-b136c2ccc25d,7Iv1Fvr6UZJ+cSM+GOglAw==,cpc,ur54RH5Ne+LWtBGm0Yux8w==,2018-02-07 21:29:00.710000+00:00,0.0
678,e82da240-0c4d-11e8-adae-b136c2ccc25d,7Iv1Fvr6UZJ+cSM+GOglAw==,cpc,Hu6FE/orzevU8B8hTe3Gdw==,2018-02-07 21:29:00.710000+00:00,0.2
679,e82da240-0c4d-11e8-adae-b136c2ccc25d,No data,No data,No data,2018-02-07 21:29:15.108999+00:00,9.016666666666667
680,e896eaa0-0bb9-11e8-af06-c93d3ef7bc9e,7Iv1Fvr6UZJ+cSM+GOglAw==,cpc,CJNiaxAkackGcR6j3+AO6w==,2018-02-07 03:49:38.556999+00:00,0.0
681,e8aa4790-0be5-11e8-94f6-2552e4416243,No data,No data,No data,2018-02-07 08:53:15.497999+00:00,0.4666666666666667
682,e9036810-0bb9-11e8-abd0-a3e09b8cf7c7,7Iv1Fvr6UZJ+cSM+GOglAw==,cpc,SSonnyiyONRnrjiY/QDAiw==,2018-02-07 03:49:38.617000+00:00,0.1
683,e9307340-0c00-11e8-a5dd-d1ccb3ece974,No data,No data,No data,2018-02-07 12:17:49.368000+00:00,0.0
684,e94fa760-0426-11e8-aaa3-f12a90027a5b,yCLBtjhT7Sc7iWh6xQX5+g==,cpc,No data,2018-02-07 20:10:20.101999+00:00,129.28333333333333
685,e94fa760-0426-11e8-aaa3-f12a90027a5b,No data,No data,No data,2018-02-07 22:19:41.029000+00:00,3.033333333333333
686,e94fa760-0426-11e8-aaa3-f12a90027a5b,yCLBtjhT7Sc7iWh6xQX5+g==,cpc,No data,2018-02-07 22:23:03.628999+00:00,0.0
687,e94fa760-0426-11e8-aaa3-f12a90027a5b,No data,No data,No data,2018-02-07 22:23:18.404999+00:00,5.283333333333333
688,e97bf370-0bb9-11e8-9f4f-f91e4abd55e2,7Iv1Fvr6UZJ+cSM+GOglAw==,cpc,WHSyEneJw2EdnwqFYeOnaQ==,2018-02-07 03:49:39.536999+00:00,0.0
689,e9abcfb0-0bfe-11e8-a9c7-9334a40301f6,7Iv1Fvr6UZJ+cSM+GOglAw==,cpc,cSb7AkOrqbdNiVBnI7wqug==,2018-02-07 12:03:32.375999+00:00,0.0
690,e9b2d490-0bfe-11e8-8209-4d93da77aef3,7Iv1Fvr6UZJ+cSM+GOglAw==,cpc,CJNiaxAkackGcR6j3+AO6w==,2018-02-07 12:03:35.221999+00:00,0.0
691,ea40e3c0-0bfe-11e8-84e9-8f56bf6860f0,No data,No data,No data,2018-02-07 12:03:32.947999+00:00,0.0
692,ea759fa0-0c0f-11e8-8404-9b04609fc4e9,No data,No data,No data,2018-02-07 14:05:13.490000+00:00,0.25
693,ea759fa0-0c0f-11e8-8404-9b04609fc4e9,7Iv1Fvr6UZJ+cSM+GOglAw==,cpc,Hu6FE/orzevU8B8hTe3Gdw==,2018-02-07 14:15:30.642999+00:00,0.0
694,ea759fa0-0c0f-11e8-8404-9b04609fc4e9,No data,No data,No data,2018-02-07 14:15:32.183000+00:00,0.3
695,eae0f450-0bfe-11e8-9988-d9f20671371d,7Iv1Fvr6UZJ+cSM+GOglAw==,cpc,CJNiaxAkackGcR6j3+AO6w==,2018-02-07 12:03:34.424999+00:00,0.0
696,eb3623f0-0742-11e8-958e-bf5b54e25f11,No data,No data,No data,2018-02-07 04:04:03.071000+00:00,0.0
697,ebc4d200-0bb9-11e8-9a82-8b235bb9984c,7Iv1Fvr6UZJ+cSM+GOglAw==,cpc,CJNiaxAkackGcR6j3+AO6w==,2018-02-07 07:49:51.894000+00:00,0.0
698,ebc4d200-0bb9-11e8-9a82-8b235bb9984c,7Iv1Fvr6UZJ+cSM+GOglAw==,cpc,cSb7AkOrqbdNiVBnI7wqug==,2018-02-07 07:49:52.568000+00:00,0.0
699,ebc4d200-0bb9-11e8-9a82-8b235bb9984c,No data,No data,No data,2018-02-07 07:49:54.063999+00:00,0.0
700,ebc4d200-0bb9-11e8-9a82-8b235bb9984c,7Iv1Fvr6UZJ+cSM+GOglAw==,cpc,CJNiaxAkackGcR6j3+AO6w==,2018-02-07 07:49:54.798000+00:00,0.31666666666666665
701,ebc4d200-0bb9-11e8-9a82-8b235bb9984c,No data,No data,No data,2018-02-07 07:50:18.730000+00:00,0.0
702,ebf3e990-0bbf-11e8-851c-db4cfb1be00e,No data,No data,No data,2018-02-07 04:32:36.361999+00:00,0.0
703,ecd8da40-0bde-11e8-8eef-9f7f3e4960ba,yCLBtjhT7Sc7iWh6xQX5+g==,cpc,No data,2018-02-07 08:16:46.859999+00:00,0.03333333333333333
704,ecd8da40-0bde-11e8-8eef-9f7f3e4960ba,No data,No data,No data,2018-02-07 08:16:53.717000+00:00,1.15
705,ecec94e0-0bd4-11e8-8c0a-c35cc4a7cdb9,No data,No data,No data,2018-02-07 07:02:57.693000+00:00,0.0
706,ed20db60-0bc0-11e8-adcf-b1fc686d42e6,No data,No data,No data,2018-02-07 04:39:48.516999+00:00,0.0
707,edb8b970-0a5e-11e8-947c-d9dfd10121ef,No data,No data,No data,2018-02-07 15:30:25.198999+00:00,32.13333333333333
708,ede380f0-0c35-11e8-af2d-dd0a227dc992,7Iv1Fvr6UZJ+cSM+GOglAw==,cpc,7CyejM5VDmcQeKKWFXPjJQ==,2018-02-07 18:37:21.427000+00:00,0.31666666666666665
709,edf69d50-0c41-11e8-889b-c9883cb37b22,eUdUPXMqN2CImzRw+SVnXA==,email,Uiwkan+XEQuhr4f4nqG7yg==,2018-02-07 20:03:14.532999+00:00,4.0
710,ef01f570-0bd6-11e8-aa5c-710377fb8992,No data,No data,No data,2018-02-07 07:17:20.230999+00:00,0.016666666666666666
711,ef347180-0c62-11e8-8b60-af829a9cfa98,No data,No data,No data,2018-02-07 23:59:30.598000+00:00,0.11666666666666667
712,ef4252a0-0bfe-11e8-9978-232777c17fad,No data,No data,No data,2018-02-07 12:03:41.319000+00:00,1.35
713,efaf8600-0c43-11e8-9e1c-9f633f04011a,No data,No data,No data,2018-02-07 20:17:39.312999+00:00,3.9166666666666665
714,f00db950-0c48-11e8-9577-156fa8f31f2d,No data,No data,No data,2018-02-07 20:53:25.730000+00:00,0.11666666666666667
715,f092ee80-0bfe-11e8-bd94-15dca0ea126f,No data,No data,No data,2018-02-07 12:03:43.940000+00:00,0.0
716,f0969200-0c40-11e8-b055-df79f7e66ebf,No data,No data,No data,2018-02-07 19:56:09.591000+00:00,0.0
717,f0c84fa0-0bac-11e8-a9dd-9726e2e5cb2b,No data,No data,No data,2018-02-07 02:16:44.227999+00:00,0.0
718,f0cdfcb0-0bf3-11e8-935c-716bf08f0411,No data,No data,No data,2018-02-07 10:45:11.963000+00:00,5.5
719,f0f47370-0bd2-11e8-a136-cd4f370a9740,No data,No data,No data,2018-02-07 06:48:45.515000+00:00,0.0
720,f108d570-0756-11e8-867c-374258a9b582,No data,No data,No data,2018-02-07 09:51:24.934000+00:00,5.333333333333333
721,f1de0c20-0bfe-11e8-8172-ff5425c72947,No data,No data,No data,2018-02-07 12:03:45.584000+00:00,0.0
722,f1edb530-0c4e-11e8-b7ba-3900272bca19,No data,No data,No data,2018-02-07 21:36:26.229000+00:00,0.0
723,f28f20c0-0c0b-11e8-9841-594e37e83701,No data,No data,No data,2018-02-07 13:36:50.273999+00:00,0.0
724,f2dd4c50-0c01-11e8-b047-873414f32aa2,No data,No data,No data,2018-02-07 12:25:15.098000+00:00,0.0
725,f56026d0-0c26-11e8-901d-c1e3659f6bb1,7Iv1Fvr6UZJ+cSM+GOglAw==,cpc,PGOm5d14coFeUI2BCHp+yw==,2018-02-07 16:47:59.210000+00:00,0.5666666666666667
726,f56026d0-0c26-11e8-901d-c1e3659f6bb1,No data,No data,No data,2018-02-07 16:48:40.045000+00:00,0.13333333333333333
727,f5fc89e0-0c52-11e8-81dd-e752a3ae1d78,No data,No data,No data,2018-02-07 22:05:57.545000+00:00,1.3166666666666667
728,f62158c0-0bca-11e8-bf85-37d85499756e,7Iv1Fvr6UZJ+cSM+GOglAw==,cpc,PGOm5d14coFeUI2BCHp+yw==,2018-02-07 05:51:34.757999+00:00,0.0
729,f6543f10-0c0b-11e8-9221-a9c9d9fabfcd,No data,No data,No data,2018-02-07 13:36:54.957000+00:00,1.5833333333333333
730,f6543f10-0c0b-11e8-9221-a9c9d9fabfcd,7Iv1Fvr6UZJ+cSM+GOglAw==,cpc,CJNiaxAkackGcR6j3+AO6w==,2018-02-07 13:38:36.512000+00:00,0.0
731,f6543f10-0c0b-11e8-9221-a9c9d9fabfcd,No data,No data,No data,2018-02-07 13:38:41.539000+00:00,0.03333333333333333
732,f6789ca0-0a6e-11e8-a694-9fc64f0b65ba,eUdUPXMqN2CImzRw+SVnXA==,email,Uiwkan+XEQuhr4f4nqG7yg==,2018-02-07 11:24:16.611999+00:00,0.03333333333333333
733,f68208d0-0bea-11e8-a76e-a35759f0c6c8,No data,No data,No data,2018-02-07 09:40:47.884999+00:00,3.066666666666667
734,f70b0390-0c19-11e8-a3ff-579ead0fcefb,eUdUPXMqN2CImzRw+SVnXA==,email,Uiwkan+XEQuhr4f4nqG7yg==,2018-02-07 15:17:10.283999+00:00,0.0
735,f70b0390-0c19-11e8-a3ff-579ead0fcefb,No data,No data,No data,2018-02-07 15:17:53.789000+00:00,0.7
736,f78b8860-0bd0-11e8-b51a-8be9e2338364,No data,No data,No data,2018-02-07 06:32:57.036000+00:00,0.0
737,f7e7bce0-0bf6-11e8-a922-cffded8412ac,eUdUPXMqN2CImzRw+SVnXA==,email,Uiwkan+XEQuhr4f4nqG7yg==,2018-02-07 11:06:38.668999+00:00,0.26666666666666666
738,f7f7daf0-0c21-11e8-8e03-51f4fcdd6646,No data,No data,No data,2018-02-07 16:14:28.154999+00:00,0.0
739,f82d7870-0bf6-11e8-9451-b5ad235f2577,No data,No data,No data,2018-02-07 11:06:40.546999+00:00,5.716666666666667
740,f8bebf90-0b80-11e8-b995-47f046dd9eb0,No data,No data,No data,2018-02-07 20:51:49.783999+00:00,69.61666666666666
741,f91ca180-0c45-11e8-98ce-6d27c9a0f0da,eUdUPXMqN2CImzRw+SVnXA==,email,Uiwkan+XEQuhr4f4nqG7yg==,2018-02-07 20:32:11.006000+00:00,29.65
742,f9891d00-0b97-11e8-bc9a-d16fa220e003,7Iv1Fvr6UZJ+cSM+GOglAw==,cpc,PGOm5d14coFeUI2BCHp+yw==,2018-02-07 03:47:09.825000+00:00,0.05
743,fa334ed0-0bdb-11e8-b3df-45b2fcbc576b,yCLBtjhT7Sc7iWh6xQX5+g==,cpc,No data,2018-02-07 07:53:26.230999+00:00,0.11666666666666667
744,fa334ed0-0bdb-11e8-b3df-45b2fcbc576b,No data,No data,No data,2018-02-07 07:53:35.358999+00:00,6.783333333333333
745,fa805c30-0bc1-11e8-b45d-25f4365421b0,No data,No data,No data,2018-02-07 04:47:20.302000+00:00,0.0
746,fae04420-0c3d-11e8-944d-87c80ce4bba3,No data,No data,No data,2018-02-07 19:34:57.822999+00:00,2.7666666666666666
747,fb15ada0-0bdd-11e8-9462-db401776682a,No data,No data,No data,2018-02-07 08:07:47.095000+00:00,0.0
748,fb1f8520-0c3f-11e8-be04-f911c8cbbdac,yCLBtjhT7Sc7iWh6xQX5+g==,cpc,No data,2018-02-07 19:49:17.331000+00:00,0.0
749,fb1f8520-0c3f-11e8-be04-f911c8cbbdac,No data,No data,No data,2018-02-07 19:49:21.005000+00:00,10.416666666666666
750,fb489d50-0c05-11e8-b1de-554d0588b316,No data,No data,No data,2018-02-07 12:54:08.286000+00:00,3.466666666666667
751,fba0a960-0bfa-11e8-b11a-a1f5f3d10c6e,7Iv1Fvr6UZJ+cSM+GOglAw==,cpc,a9Yj/+1ZvP9IJ1OM0mHmfg==,2018-02-07 11:35:23.131000+00:00,0.0
752,fba0a960-0bfa-11e8-b11a-a1f5f3d10c6e,No data,No data,No data,2018-02-07 11:35:31.681999+00:00,2.433333333333333
753,fbbb8e20-0c2b-11e8-89fa-61818ffdaff9,No data,No data,No data,2018-02-07 16:25:28.813999+00:00,0.55
754,fc0acaf0-0bfc-11e8-a444-8ba967c76d89,yCLBtjhT7Sc7iWh6xQX5+g==,cpc,No data,2018-02-07 11:49:44.101000+00:00,0.0
755,fc0acaf0-0bfc-11e8-a444-8ba967c76d89,No data,No data,No data,2018-02-07 11:50:17.480000+00:00,0.0
756,fc0acaf0-0bfc-11e8-a444-8ba967c76d89,yCLBtjhT7Sc7iWh6xQX5+g==,cpc,No data,2018-02-07 11:50:22.165999+00:00,0.0
757,fc0acaf0-0bfc-11e8-a444-8ba967c76d89,No data,No data,No data,2018-02-07 11:50:26.234999+00:00,138.83333333333334
758,fc0acaf0-0bfc-11e8-a444-8ba967c76d89,yCLBtjhT7Sc7iWh6xQX5+g==,cpc,No data,2018-02-07 14:09:18.448999+00:00,0.0
759,fc706070-0b81-11e8-adfe-7185ad739607,No data,No data,No data,2018-02-07 06:43:56.858000+00:00,0.0
760,fc953f90-0c1b-11e8-bc10-f3fac9862bc5,No data,No data,No data,2018-02-07 15:31:38.391999+00:00,5.216666666666667
761,fce12830-0bc4-11e8-b7a0-4f3c018971e4,7Iv1Fvr6UZJ+cSM+GOglAw==,cpc,x4Ltn2Uh4ORvRUjpOzkp9w==,2018-02-07 05:08:55.016000+00:00,0.0
762,fcec2940-0c07-11e8-8747-bf03382d716c,eUdUPXMqN2CImzRw+SVnXA==,email,HURd5N/+RW/t2zzNLHOguA==,2018-02-07 13:11:37.301000+00:00,0.0
763,fcec2940-0c07-11e8-8747-bf03382d716c,No data,No data,No data,2018-02-07 13:12:12.831000+00:00,78.61666666666666
764,fd370690-0c57-11e8-aa60-ebf6deb319b1,No data,No data,No data,2018-02-07 22:41:08.829999+00:00,5.666666666666667
765,fe4989d0-0c1c-11e8-b884-17e11250f901,eUdUPXMqN2CImzRw+SVnXA==,email,KGWz8TQfKAoMRlrayPzEbA==,2018-02-07 15:38:51.059000+00:00,0.0
766,ff08ee30-0445-11e8-9106-ff4312ccac8b,No data,No data,No data,2018-02-07 07:17:09.596999+00:00,6.85
767,ff3df4c0-0c44-11e8-ba18-2be46fda6ddd,No data,No data,No data,2018-02-07 20:25:11.815000+00:00,2.55
768,ff57e130-0c4b-11e8-a987-6d512312311b,No data,No data,No data,2018-02-07 21:15:18.601999+00:00,0.0
769,ffa5f640-0c00-11e8-b352-772fc59b8d6d,No data,No data,No data,2018-02-07 12:18:28.068000+00:00,0.8166666666666667
