<?xml version="1.0" encoding="UTF-8" standalone="yes"?>
<Properties xmlns="http://schemas.openxmlformats.org/officeDocument/2006/extended-properties" xmlns:vt="http://schemas.openxmlformats.org/officeDocument/2006/docPropsVTypes"><Template></Template><TotalTime>29</TotalTime><Application>LibreOffice/6.4.7.2$Linux_X86_64 LibreOffice_project/40$Build-2</Application><Pages>1</Pages><Words>300</Words><Characters>1874</Characters><CharactersWithSpaces>2179</CharactersWithSpaces><Paragraphs>11</Paragraphs></Properties>