<?xml version="1.0" encoding="UTF-8" standalone="yes"?>
<cp:coreProperties xmlns:cp="http://schemas.openxmlformats.org/package/2006/metadata/core-properties" xmlns:dc="http://purl.org/dc/elements/1.1/" xmlns:dcterms="http://purl.org/dc/terms/" xmlns:dcmitype="http://purl.org/dc/dcmitype/" xmlns:xsi="http://www.w3.org/2001/XMLSchema-instance"><dcterms:created xsi:type="dcterms:W3CDTF">2021-06-13T12:10:26Z</dcterms:created><dc:creator></dc:creator><dc:description></dc:description><dc:language>ru-RU</dc:language><cp:lastModifiedBy></cp:lastModifiedBy><dcterms:modified xsi:type="dcterms:W3CDTF">2021-06-13T13:07:21Z</dcterms:modified><cp:revision>22</cp:revision><dc:subject></dc:subject><dc:title></dc:title></cp:coreProperties>