abc;624
abc;227
abc;504
abc;889
abc;513
abc;436
abc;43
abc;857
abc;480
abc;898
abc;225
abc;413
abc;713
abc;805
abc;35
abc;636
abc;48
abc;17
abc;25
abc;359
abc;706
abc;152
abc;844
abc;831
abc;866
abc;300
abc;24
abc;119
abc;67
abc;163
abc;673
abc;236
abc;104
abc;695
abc;674
abc;994
abc;579
abc;268
abc;37
abc;942
abc;143
abc;815
abc;233
abc;245
abc;420
abc;564
abc;367
abc;721
abc;509
abc;938
abc;658
abc;19
abc;741
abc;211
abc;108
abc;538
abc;773
abc;796
abc;33
abc;284
abc;279
abc;400
abc;112
abc;691
abc;573
abc;964
abc;470
abc;784
abc;203
abc;195
abc;60
abc;944
abc;330
abc;831
abc;64
abc;102
abc;388
abc;55
abc;642
abc;864
abc;221
abc;155
abc;862
abc;497
abc;141
abc;698
abc;53
abc;929
abc;822
abc;805
abc;342
abc;332
abc;732
abc;54
abc;834
abc;933
abc;27
abc;126
abc;860
abc;875
abc;79
abc;39
abc;307
abc;145
abc;67
abc;309
abc;203
abc;702
abc;367
abc;504
abc;740
abc;558
abc;114
abc;77
abc;835
abc;267
abc;693
abc;296
abc;367
abc;222
abc;547
abc;959
abc;742
abc;831
abc;245
abc;830
abc;145
abc;3
abc;247
abc;712
abc;815
abc;10
abc;758
abc;657
abc;980
abc;164
abc;79
abc;852
abc;567
abc;58
abc;370
abc;615
abc;286
abc;714
abc;708
abc;309
abc;708
abc;305
abc;343
abc;208
abc;765
abc;603
abc;823
abc;831
abc;382
abc;65
abc;191
abc;24
abc;340
abc;105
abc;957
abc;181
abc;706
abc;774
abc;709
abc;657
abc;412
abc;965
abc;709
abc;747
abc;541
abc;186
abc;120
abc;372
abc;134
abc;664
abc;681
abc;195
abc;610
abc;143
abc;42
abc;923
abc;109
abc;730
abc;828
abc;861
abc;255
abc;517
abc;559
abc;300
abc;366
abc;727
abc;365
abc;165
abc;974
abc;591
abc;670
abc;964
abc;50
abc;421
abc;499
abc;342
abc;712
abc;958
abc;336
abc;75
abc;145
abc;619
abc;777
abc;45
abc;281
abc;378
abc;606
abc;298
abc;712
abc;403
abc;256
abc;259
abc;233
abc;789
abc;142
abc;922
abc;534
abc;334
abc;709
abc;460
abc;787
abc;537
abc;876
abc;723
abc;511
abc;314
abc;865
abc;581
abc;757
abc;531
abc;356
abc;594
abc;705
abc;862
abc;569
abc;566
abc;599
abc;651
abc;658
abc;296
abc;775
abc;932
abc;970
abc;672
abc;463
abc;948
abc;206
abc;527
abc;577
abc;21
abc;734
abc;973
abc;723
abc;612
abc;35
abc;310
abc;930
abc;461
abc;213
abc;979
abc;620
abc;131
abc;476
abc;998
abc;538
abc;340
abc;696
abc;722
abc;330
abc;394
abc;578
abc;70
abc;95
abc;139
abc;469
abc;357
abc;858
abc;761
abc;57
abc;432
abc;765
abc;592
abc;394
abc;707
abc;772
abc;8
abc;956
abc;547
abc;797
abc;184
abc;126
abc;212
abc;609
abc;304
abc;701
abc;662
abc;248
abc;165
abc;95
abc;305
abc;661
abc;378
abc;829
abc;625
abc;257
abc;947
abc;185
abc;286
abc;589
abc;220
abc;804
abc;519
abc;498
abc;150
abc;771
abc;282
abc;383
abc;489
abc;645
abc;717
abc;336
abc;389
abc;958
abc;892
abc;717
abc;369
abc;432
abc;571
abc;264
abc;792
abc;421
abc;899
abc;272
abc;879
abc;203
abc;835
abc;864
abc;474
abc;476
abc;735
abc;656
abc;261
abc;473
abc;147
abc;236
abc;41
abc;231
abc;818
abc;516
abc;26
abc;408
abc;821
abc;518
abc;103
abc;341
abc;212
abc;146
abc;352
abc;360
abc;891
abc;301
abc;695
abc;719
abc;730
abc;378
abc;810
abc;67
abc;40
abc;659
abc;493
abc;248
abc;667
abc;29
abc;15
abc;379
abc;591
abc;934
abc;79
abc;277
abc;445
abc;43
abc;984
abc;841
abc;753
abc;237
abc;110
abc;452
abc;119
abc;35
abc;943
abc;103
abc;927
abc;189
abc;257
abc;15
abc;791
abc;399
abc;629
abc;249
abc;520
abc;699
abc;25
abc;677
abc;323
abc;511
abc;715
abc;935
abc;243
abc;810
abc;78
abc;887
abc;443
abc;236
abc;437
abc;310
abc;981
abc;305
abc;195
abc;450
abc;943
abc;352
abc;509
abc;115
abc;634
abc;66
abc;269
abc;855
abc;94
abc;413
abc;528
abc;180
abc;974
abc;333
abc;338
abc;460
abc;336
abc;968
abc;122
abc;202
abc;16
abc;131
abc;811
abc;684
abc;249
abc;823
abc;758
abc;405
abc;584
abc;737
abc;493
abc;415
abc;739
abc;283
abc;599
abc;206
abc;104
abc;439
abc;204
abc;479
abc;767
abc;933
abc;768
abc;533
abc;671
abc;750
abc;674
abc;183
abc;270
abc;443
abc;228
abc;49
abc;733
abc;443
abc;394
abc;879
abc;747
abc;368
abc;70
abc;129
abc;402
abc;167
abc;344
abc;850
abc;806
abc;714
abc;704
abc;408
abc;407
abc;598
abc;907
abc;414
abc;499
abc;424
abc;97
abc;665
abc;1
abc;693
abc;78
abc;48
abc;303
abc;603
abc;601
abc;177
abc;871
abc;798
abc;97
abc;943
abc;838
abc;715
abc;166
abc;132
abc;851
abc;752
abc;770
abc;819
abc;672
abc;601
abc;258
abc;153
abc;885
abc;80
abc;603
abc;760
abc;940
abc;353
abc;219
abc;70
abc;14
abc;757
abc;85
abc;926
abc;892
abc;371
abc;224
abc;665
abc;178
abc;279
abc;650
abc;597
abc;905
abc;438
abc;162
abc;198
abc;992
abc;875
abc;21
abc;626
abc;727
abc;695
abc;805
abc;888
abc;924
abc;143
abc;465
abc;788
abc;367
abc;720
abc;820
abc;885
abc;326
abc;856
abc;670
abc;56
abc;848
abc;473
abc;942
abc;527
abc;733
abc;470
abc;460
abc;769
abc;56
abc;58
abc;50
abc;82
abc;848
abc;821
abc;206
abc;741
abc;58
abc;321
abc;759
abc;239
abc;526
abc;375
abc;928
abc;606
abc;584
abc;123
abc;959
abc;228
abc;638
abc;733
abc;762
abc;519
abc;296
abc;563
abc;992
abc;517
abc;37
abc;137
abc;681
abc;752
abc;205
abc;435
abc;704
abc;855
abc;378
abc;569
abc;62
abc;910
abc;595
abc;569
abc;26
abc;979
abc;598
abc;623
abc;314
abc;504
abc;726
abc;565
abc;888
abc;801
abc;933
abc;670
abc;462
abc;110
abc;81
abc;489
abc;829
abc;618
abc;206
abc;464
abc;982
abc;780
abc;216
abc;622
abc;882
abc;36
abc;922
abc;262
abc;147
abc;62
abc;50
abc;400
abc;607
abc;739
abc;793
abc;733
abc;882
abc;818
abc;722
abc;657
abc;695
abc;580
abc;220
abc;13
abc;772
abc;747
abc;538
abc;578
abc;780
abc;544
abc;58
abc;339
abc;654
abc;705
abc;105
abc;992
abc;764
abc;238
abc;99
abc;456
abc;118
abc;232
abc;686
abc;987
abc;972
abc;160
abc;762
abc;421
abc;105
abc;874
abc;28
abc;434
abc;999
abc;731
abc;247
abc;230
abc;98
abc;223
abc;151
abc;996
abc;879
abc;326
abc;36
abc;78
abc;996
abc;14
abc;811
abc;483
abc;70
abc;421
abc;815
abc;756
abc;726
abc;265
abc;814
abc;72
abc;197
abc;964
abc;849
abc;517
abc;135
abc;470
abc;359
abc;292
abc;73
abc;693
abc;878
abc;455
abc;36
abc;259
abc;60
abc;918
abc;91
abc;47
abc;949
abc;571
abc;597
abc;277
abc;237
abc;422
abc;627
abc;387
abc;679
abc;375
abc;82
abc;361
abc;274
abc;947
abc;426
abc;996
abc;503
abc;425
abc;486
abc;554
abc;647
abc;657
abc;612
abc;21
abc;553
abc;753
abc;404
abc;666
abc;543
abc;386
abc;162
abc;755
abc;517
abc;146
abc;988
abc;568
abc;751
abc;290
abc;579
abc;218
abc;49
abc;599
abc;555
abc;396
abc;261
abc;509
abc;239
abc;350
abc;673
abc;644
abc;423
abc;786
abc;188
abc;689
abc;259
abc;975
abc;181
abc;992
abc;6
abc;858
abc;223
abc;126
abc;728
abc;153
abc;143
abc;417
abc;706
abc;238
abc;297
abc;153
abc;551
abc;398
abc;431
abc;556
abc;101
abc;36
abc;250
abc;736
abc;244
abc;399
abc;435
abc;689
abc;141
abc;627
abc;430
abc;990
abc;30
abc;528
abc;383
abc;117
abc;987
abc;602
abc;233
abc;497
abc;646
abc;269
abc;938
abc;599
abc;779
abc;375
abc;107
abc;344
abc;807
abc;611
abc;230
abc;266
abc;36
abc;395
abc;355
abc;819
abc;2
abc;712
abc;499
abc;64
abc;861
abc;786
abc;174
abc;336
abc;232
abc;286
abc;84
abc;68
abc;669
abc;918
abc;221
abc;935
abc;8
abc;319
abc;779
abc;396
abc;953
abc;743
abc;292
abc;658
abc;865
abc;243
abc;592
abc;943
abc;497
abc;799
abc;507
abc;626
abc;556
abc;59
abc;830
abc;710
abc;628
abc;129
abc;160
abc;83
abc;817
abc;646
abc;656
abc;921
abc;374
abc;750
abc;414
abc;612
abc;320
abc;599
abc;16
abc;943
abc;937
abc;100
abc;960
abc;970
abc;324
abc;720
abc;733
abc;393
abc;959
abc;958
abc;668
abc;52
abc;748
abc;928
abc;941
abc;651
abc;898
abc;187
abc;912
abc;51
abc;4
abc;622
abc;381
abc;30
abc;46
abc;339
abc;688
abc;337
abc;247
abc;79
abc;956
abc;178
abc;654
abc;630
abc;156
abc;300
abc;176
abc;741
abc;436
abc;629
abc;429
abc;569
abc;964
abc;422
abc;788
abc;941
abc;245
abc;84
abc;652
abc;298
abc;856
abc;795
abc;515
abc;379
abc;725
abc;667
abc;239
abc;846
abc;322
abc;965
abc;705
abc;589
abc;157
abc;468
abc;418
abc;641
abc;86
abc;515
abc;416
abc;683
abc;374
abc;814
abc;465
abc;158
abc;805
abc;812
abc;734
abc;867
abc;9
abc;139
abc;906
abc;530
abc;658
abc;630
abc;698
abc;401
abc;90
abc;265
abc;822
abc;321
abc;94
abc;500
abc;386
abc;146
abc;378
abc;403
abc;513
abc;626
abc;709
abc;38
abc;805
abc;186
abc;874
abc;395
abc;221