id,per_square_meter_price
COL_289284,122928.76
COL_289305,123771.73
COL_289318,114716.29
COL_289354,110733.94
COL_289399,137633.7
COL_289428,114679.24
COL_289460,113841.055
COL_289493,118898.234
COL_289495,171724.08
COL_289749,138971.14
COL_289763,158344.1
COL_289778,114457.26
COL_289801,113704.766
COL_289971,116416.56
COL_290143,162175.75
COL_290169,124870.484
COL_290252,125974.42
COL_290336,60915.555
COL_290398,146662.92
COL_290403,134230.28
COL_290431,112981.81
COL_290466,109195.01
COL_290486,60829.06
COL_290497,111612.49
COL_290510,144003.84
COL_290559,106106.24
COL_290600,134199.33
COL_290602,134199.33
COL_290716,114697.18
COL_290717,117941.13
COL_290876,129057.195
COL_290966,123450.2
COL_291008,122166.266
COL_291021,118856.66
COL_291043,150846.75
COL_291190,125123.73
COL_291192,125929.2
COL_291274,117252.87
COL_291284,152731.92
COL_291397,117075.84
COL_291450,136278.77
COL_291738,117122.09
COL_291740,114717.375
COL_291825,125053.87
COL_291900,114277.59
COL_292045,156154.1
COL_292135,141062.5
COL_292258,167443.84
COL_292275,107846.086
COL_292279,130551.08
COL_292364,118265.14
COL_292417,113859.74
COL_292421,151574.61
COL_292501,121814.76
COL_292654,128343.195
COL_292906,104192.54
COL_292926,126080.22
COL_293123,145254.56
COL_293135,108128.86
COL_293496,124844.266
COL_293497,128636.61
COL_293588,140318.8
COL_293614,126923.086
COL_293631,60920.258
COL_293703,117970.95
COL_293773,128200.266
COL_293780,121105.62
COL_293783,112612.1
COL_293826,119262.016
COL_293889,104502.59
COL_293952,139786.83
COL_293956,114563.66
COL_294068,140207.72
COL_294101,114392.51
COL_294115,133675.14
COL_294143,121975.875
COL_294200,121949.875
COL_294245,135248.55
COL_294261,128313.24
COL_294293,134183.31
COL_294300,116800.44
COL_294350,131133.84
COL_294488,127663.516
COL_294525,109431.664
COL_294553,108189.93
COL_294558,121980.6
COL_294593,168962.78
COL_294691,137431.17
COL_294716,117911.445
COL_294729,121162.055
COL_294785,134986.77
COL_294917,115633.32
COL_294951,104615.11
COL_294975,115408.266
COL_295255,103060.78
COL_295327,61178.74
COL_295509,120646.16
COL_295595,130831.77
COL_296322,122260.66
COL_296509,171073.88
COL_296521,232153.38
COL_296756,110423.63
COL_296901,152029.42
COL_297293,123156.06
COL_297324,129089.04
COL_297326,112234.74
COL_297329,121051.42
COL_297441,116553.266
COL_297472,132307.89
COL_297631,106485.164
COL_297815,104259.14
COL_298020,118538.83
COL_298046,122435.82
COL_298052,125070.76
COL_298055,109553.016
COL_298064,123728.03
COL_298075,134097.14
COL_298099,112670.09
COL_298101,155557.53
COL_298102,113233.625
COL_298103,112918.33
COL_298104,112964.39
COL_298261,115232.055
COL_298459,217353.06
COL_298471,110059.22
COL_298481,126963.57
COL_298516,112521.97
COL_298532,111805.54
COL_298539,133328.45
COL_298593,138767.12
COL_298719,102026.1
COL_298724,143953.64
COL_298733,110365.61
COL_298817,119888.41
COL_298837,118581.664
COL_298968,183045.95
COL_299209,136753.25
COL_299221,273510.28
COL_299361,110016.945
COL_299366,117481.74
COL_299450,104199.57
COL_299454,104192.54
COL_299455,102504.3
COL_299459,120230.516
COL_299464,107639.12
COL_299468,109582.664
COL_299486,113197.35
COL_299491,113788.77
COL_299497,102193.84
COL_299499,113062.56
COL_299501,108004.84
COL_299540,109581.46
COL_299615,120281.18
COL_299659,254342.08
COL_299678,150540.27
COL_299795,142161.16
COL_299818,133578.19
COL_299819,136593.48
COL_299820,136593.48
COL_299960,101494.96
COL_300095,102867.76
COL_300108,145669.23
COL_300125,119465.25
COL_300144,217279.38
COL_300225,126624.125
COL_300305,195715.19
COL_300423,127375.27
COL_300491,128360.305
COL_300562,126020.37
COL_300747,119720.164
COL_300816,124197.03
COL_300942,116009.37
COL_300959,125419.18
COL_300962,116009.37
COL_301220,136378.67
COL_301285,126914.99
COL_301290,106853.11
COL_301303,60834.324
COL_301367,112925.336
COL_301368,112933.49
COL_301378,127124.69
COL_301401,121226.72
COL_301444,104254.2
COL_301445,110710.95
COL_301574,116670.43
COL_301649,61077.887
COL_301669,137201.2
COL_301670,106105.57
COL_301679,151437.5
COL_301709,123805.164
COL_301757,169689.12
COL_301819,122172.65
COL_301820,121684.52
COL_301821,121686.65
COL_301822,121672.53
COL_301823,121695.69
COL_301843,117556.23
COL_301976,60048.73
COL_301986,164734.86
COL_302097,119516.28
COL_302111,108293.34
COL_302139,157948.2
COL_302293,122944.43
COL_302294,122185.31
COL_302428,122859.54
COL_302465,99881.805
COL_302497,162330.1
COL_302548,141180.86
COL_302597,128799.414
COL_302726,125203.414
COL_302745,131039.234
COL_302873,95950.68
COL_302926,116365.3
COL_302986,131437.58
COL_302987,119760.41
COL_302994,111880.88
COL_303002,116767.03
COL_303004,109307.22
COL_303007,116171.39
COL_303069,115802.17
COL_303147,110183.086
COL_303265,106674.14
COL_303285,136593.48
COL_303366,112647.12
COL_303405,113460.64
COL_303564,119493.44
COL_303569,120483.53
COL_303618,111822.63
COL_303623,139611.86
COL_303624,139611.86
COL_303625,139611.86
COL_303626,139611.86
COL_303627,142810.19
COL_303637,123504.95
COL_303638,133103.0
COL_304041,107449.75
COL_304147,178010.14
COL_304255,190350.34
COL_304280,122983.71
COL_304320,114237.39
COL_304322,114237.39
COL_304323,114237.39
COL_304324,118351.01
COL_304325,114465.69
COL_304367,121494.87
COL_304546,103091.3
COL_304550,108641.46
COL_304552,107436.02
COL_304561,117378.42
COL_304585,101927.5
COL_304853,118664.875
COL_304902,113765.12
COL_304978,130973.03
COL_304984,133980.2
COL_305002,118146.43
COL_305017,154400.02
COL_305038,104508.695
COL_305057,114842.87
COL_305058,114842.87
COL_305059,114842.87
COL_305114,267862.06
COL_305373,118294.125
COL_305382,104782.58
COL_305383,104802.16
COL_305384,104778.484
COL_305385,104778.23
COL_305386,104781.41
COL_305387,104779.18
COL_305388,104791.37
COL_305413,114716.03
COL_305607,125314.2
COL_305652,109574.24
COL_305726,118311.8
COL_305896,138692.3
COL_305924,113777.07
COL_305926,113786.08
COL_306033,111350.14
COL_306088,113288.02
COL_306141,121185.32
COL_306143,121185.32
COL_306144,116338.516
COL_306151,117122.58
COL_306153,127750.96
COL_306154,117927.984
COL_306155,110544.87
COL_306206,113701.516
COL_306621,115230.6
COL_306728,116716.52
COL_306758,110796.25
COL_306763,108293.34
COL_306803,143896.52
COL_306853,125984.086
COL_306892,111214.49
COL_306938,108043.79
COL_307001,124516.03
COL_307043,130436.82
COL_307158,136035.52
COL_307269,106332.75
COL_307356,122991.336
COL_307480,149076.72
COL_307529,129263.38
COL_307623,133785.25
COL_307819,135437.84
COL_307874,135288.67
COL_307945,103205.62
COL_307986,104843.836
COL_308206,104535.62
COL_308211,114885.52
COL_308429,108436.43
COL_308446,113379.836
COL_308472,200406.11
COL_308486,133172.23
COL_308492,133099.47
COL_308493,133404.22
COL_308743,124795.65
COL_308803,106669.94
COL_308813,178694.67
COL_308963,110544.87
COL_308966,121185.32
COL_309079,112612.1
COL_309121,110059.22
COL_309434,117387.97
COL_309612,122942.76
COL_309635,108058.94
COL_309640,92925.055
COL_309642,106884.1
COL_309784,121911.09
COL_310093,128300.29
COL_310107,128007.67
COL_310164,125184.266
COL_310207,114400.91
COL_310218,116485.81
COL_310311,138527.6
COL_310315,129121.586
COL_310359,118333.234
COL_310405,103039.04
COL_310447,165193.7
COL_310503,113387.37
COL_310570,127964.41
COL_310590,175780.94
COL_310604,103925.33
COL_310641,138190.38
COL_310642,115543.19
COL_310656,320377.28
COL_310722,111891.63
COL_310897,109244.875
COL_311016,101793.74
COL_311017,119629.445
COL_311018,107233.26
COL_311025,122654.98
COL_311026,124771.195
COL_311068,109814.66
COL_311128,144802.27
COL_311187,118123.61
COL_311188,118123.61
COL_311328,183045.95
COL_311348,122045.5
COL_311537,106370.62
COL_311660,117172.72
COL_311665,115487.88
COL_311698,113812.24
COL_311704,210012.52
COL_311870,106485.13
COL_312002,129422.914
COL_312005,143916.72
COL_312006,145138.31
COL_312007,145173.5
COL_312010,103279.05
COL_312014,127044.1
COL_312208,117933.08
COL_312270,112808.08
COL_312284,107460.46
COL_312290,121306.1
COL_312323,121228.66
COL_312335,111771.375
COL_312455,119322.76
COL_312609,107719.164
COL_312628,133791.47
COL_312649,107248.73
COL_312672,112805.445
COL_312673,112130.11
COL_312695,109541.24
COL_312997,340604.25
COL_313006,106632.74
COL_313065,124044.53
COL_313068,124611.95
COL_313211,107861.9
COL_313268,180801.61
COL_313304,139628.5
COL_313352,115579.21
COL_313363,128082.08
COL_313535,109764.586
COL_313559,127903.89
COL_313572,109309.82
COL_313573,109309.82
COL_313574,108188.84
COL_313597,102025.64
COL_313606,115638.99
COL_313694,104641.91
COL_313703,112506.8
COL_313717,107200.66
COL_313789,119382.49
COL_313791,118044.67
COL_313814,60688.105
COL_314054,108041.93
COL_314055,108041.88
COL_314058,108041.65
COL_314069,130430.07
COL_314170,147652.31
COL_314185,185491.9
COL_314186,110642.65
COL_314187,116990.11
COL_314190,121465.17
COL_314196,167532.3
COL_314211,116192.14
COL_314230,139489.44
COL_314308,149272.08
COL_314419,159885.47
COL_314536,110469.195
COL_314628,115573.195
COL_314746,122470.6
COL_314818,125883.555
COL_314821,125741.336
COL_314859,114128.555
COL_314860,110563.76
COL_314899,107923.41
COL_314907,106529.23
COL_314997,108507.08
COL_315015,152686.4
COL_315135,110098.15
COL_315502,164307.1
COL_315578,127939.29
COL_315599,118295.016
COL_315602,143264.7
COL_315621,125739.375
COL_315652,110208.31
COL_315673,386498.84
COL_315724,128048.96
COL_315806,61161.973
COL_315970,136992.84
COL_315976,119861.46
COL_315977,125161.35
COL_316014,113201.805
COL_316015,117881.4
COL_316017,117881.4
COL_316021,141011.8
COL_316022,124067.25
COL_316023,116163.69
COL_316024,121036.734
COL_316025,121055.2
COL_316150,149374.98
COL_316180,108471.88
COL_316181,115113.09
COL_316289,126582.4
COL_316308,120695.086
COL_316323,120079.836
COL_316387,111870.54
COL_316388,111890.6
COL_316389,110802.49
COL_316390,111197.305
COL_316392,112545.23
COL_316423,149831.14
COL_316446,121043.3
COL_316448,131018.11
COL_316562,110461.375
COL_316629,112517.445
COL_316720,122357.61
COL_316897,170909.3
COL_316942,147286.98
COL_317174,61074.246
COL_317405,114741.63
COL_317423,129034.27
COL_317789,118158.055
COL_317930,102900.14
COL_318181,103050.195
COL_318209,110558.17
COL_318336,118424.445
COL_318357,126613.41
COL_318384,104027.0
COL_318425,110284.22
COL_318499,114750.695
COL_318575,106334.68
COL_318696,148759.67
COL_318698,156878.1
COL_318712,101940.35
COL_318765,102821.875
COL_319064,103039.04
COL_319104,130974.43
COL_319163,129662.72
COL_319251,107013.06
COL_319500,113492.625
COL_319542,120349.19
COL_319671,240496.89
COL_319675,158062.34
COL_319987,144651.56
COL_319998,116691.41
COL_320000,116691.664
COL_320001,116713.36
COL_320028,119836.516
COL_320128,112210.8
COL_320171,115952.81
COL_320291,111488.12
COL_320376,214390.1
COL_320430,104609.23
COL_320446,124398.7
COL_320452,106396.7
COL_320470,110677.26
COL_320478,171203.12
COL_320498,108465.58
COL_320518,118753.586
COL_320693,112038.89
COL_320824,117097.87
COL_320905,113320.36
COL_320942,132461.34
COL_320966,111830.9
COL_321061,114894.34
COL_321088,125195.06
COL_321099,106466.6
COL_321128,256802.6
COL_321407,119698.695
COL_321417,125939.47
COL_321427,123492.35
COL_321474,111628.42
COL_321621,133583.98
COL_321670,115543.01
COL_321677,120846.055
COL_321820,144872.39
COL_322106,110998.0
COL_322266,123176.06
COL_322288,111790.73
COL_322290,103205.62
COL_322311,115758.69
COL_322356,109602.42
COL_322378,117737.22
COL_322380,161688.83
COL_322428,111790.27
COL_322436,134843.33
COL_322462,135616.73
COL_322463,110779.84
COL_322511,135703.69
COL_322568,106907.305
COL_322595,114772.586
COL_322623,60048.746
COL_322624,115262.73
COL_322665,106371.66
COL_322676,120665.46
COL_322749,97021.56
COL_322954,127245.2
COL_323025,122223.07
COL_323034,114712.48
COL_323061,111692.945
COL_323075,61161.406
COL_323078,123142.99
COL_323084,118580.445
COL_323247,107199.56
COL_323258,118545.85
COL_323261,60591.58
COL_323330,133295.9
COL_323355,125629.33
COL_323590,114765.38
COL_323647,116284.01
COL_323671,117484.14
COL_323683,386199.22
COL_323882,114096.414
COL_323938,120758.695
COL_324197,143631.66
COL_324268,127499.07
COL_324269,101917.164
COL_324455,125240.25
COL_324459,107161.75
COL_324622,297693.8
COL_324655,100853.42
COL_324779,101999.01
COL_324786,116010.36
COL_324787,116049.08
COL_324926,134111.1
COL_324927,133795.4
COL_324936,122986.1
COL_324940,154136.97
COL_324941,115758.69
COL_325131,107131.57
COL_325182,119355.62
COL_325196,116938.01
COL_325210,113361.37
COL_325348,106130.99
COL_325392,121576.27
COL_325405,114405.52
COL_325545,127801.74
COL_325588,101927.5
COL_325648,102012.37
COL_325649,102012.37
COL_325650,102012.37
COL_325651,102012.37
COL_325652,102012.37
COL_325653,102012.37
COL_325696,102900.14
COL_325699,105967.96
COL_325703,133112.77
COL_325707,101927.5
COL_325847,117701.32
COL_325884,136776.42
COL_325904,109835.04
COL_325905,109835.04
COL_325942,124556.74
COL_325998,129462.79
COL_326043,113942.305
COL_326045,106086.09
COL_326068,131164.78
COL_326108,114138.88
COL_326130,116968.0
COL_326171,128761.44
COL_326268,102999.55
COL_326466,111468.266
COL_326531,99980.2
COL_326680,118636.98
COL_326753,120154.24
COL_326804,137431.78
COL_326997,135919.39
COL_327062,113729.6
COL_327071,130374.59
COL_327138,108814.21
COL_327471,124887.375
COL_327568,127425.4
COL_327627,110300.86
COL_327732,114819.65
COL_328038,116014.305
COL_328039,116039.79
COL_328086,113867.69
COL_328127,260475.73
COL_328128,107242.17
COL_328240,111171.414
COL_328284,120932.79
COL_328358,140264.56
COL_328408,111142.055
COL_328598,122178.516
COL_328785,125745.88
COL_328832,103002.57
COL_328912,101250.234
COL_328916,115231.62
COL_328952,136823.58
COL_328998,109452.84
COL_329153,110814.43
COL_329196,114399.86
COL_329239,116955.73
COL_329262,108895.516
COL_329356,125202.76
COL_329509,102337.45
COL_329554,120592.96
COL_329557,105284.09
COL_329663,123051.14
COL_329708,129769.38
COL_329757,108466.516
COL_329828,60913.293
COL_329829,128444.99
COL_329857,115028.68
COL_330022,120597.586
COL_330075,111848.55
COL_330085,115712.75
COL_330199,101479.664
COL_330234,120270.78
COL_330254,119320.23
COL_330260,132483.92
COL_330277,130664.26
COL_330324,124642.12
COL_330335,127910.1
COL_330474,102918.67
COL_330477,126681.57
COL_330553,127744.6
COL_330624,106991.79
COL_330666,106664.19
COL_331046,117506.51
COL_331047,103006.04
COL_331049,103006.04
COL_331062,146136.88
COL_331205,139643.44
COL_331263,122205.195
COL_331270,118861.125
COL_331278,106341.23
COL_331289,131452.94
COL_331365,109719.85
COL_331412,114252.73
COL_331441,121909.02
COL_331442,121848.39
COL_331466,130493.59
COL_331559,136426.52
COL_331572,152426.2
COL_331601,115241.945
COL_331762,116500.78
COL_332006,111777.984
COL_332433,112540.98
COL_332669,120544.305
COL_332717,113176.516
COL_332726,130657.96
COL_332856,113356.695
COL_332908,117988.66
COL_332909,117430.78
COL_332910,117282.836
COL_332939,109940.93
COL_333190,117974.734
COL_333309,130636.82
COL_333329,146679.81
COL_333350,116956.02
COL_333390,120538.02
COL_333472,139274.34
COL_333473,127056.42
COL_333518,101192.234
COL_333530,140761.89
COL_333545,147098.84
COL_333556,105902.27
COL_333576,141965.8
COL_333736,156160.5
COL_333788,134606.16
COL_333866,117602.51
COL_333867,110073.57
COL_333928,107381.266
COL_333957,193330.58
COL_334037,122165.21
COL_334047,136883.23
COL_334091,122407.88
COL_334183,114012.07
COL_334229,121178.75
COL_334288,167887.95
COL_334468,127828.25
COL_334548,125448.14
COL_334639,111500.12
COL_334741,107379.625
COL_334989,113100.4
COL_335047,106595.64
COL_335092,109865.58
COL_335505,131379.08
COL_335523,127097.5
COL_335574,103205.62
COL_335589,122399.86
COL_335708,111387.58
COL_335714,110824.38
COL_335836,135656.77
COL_336093,142966.28
COL_336095,117657.8
COL_336259,126777.48
COL_336264,110800.555
COL_336267,109867.914
COL_336462,131823.95
COL_336493,106265.95
COL_336495,109082.37
COL_336499,109906.57
COL_336531,139566.89
COL_336685,129737.805
COL_336736,108619.445
COL_336855,137096.66
COL_336874,124716.64
COL_336932,115987.42
COL_336963,125581.38
COL_336967,120209.695
COL_337195,111904.48
COL_337254,107131.57
COL_337273,135247.02
COL_337309,119805.38
COL_337318,115912.33
COL_337346,112202.1
COL_337386,116731.695
COL_337590,114919.29
COL_337593,122633.945
COL_337666,112943.57
COL_337681,109045.23
COL_337895,146847.48
COL_337901,103337.74
COL_337971,135414.22
COL_338002,120509.15
COL_338038,170117.69
COL_338039,170117.69
COL_338276,119109.32
COL_338279,109754.35
COL_338421,95934.914
COL_338506,116382.81
COL_338557,122917.445
COL_338558,123317.45
COL_338559,122936.86
COL_338560,123095.57
COL_338561,123071.52
COL_338562,122855.195
COL_338607,126737.516
COL_338609,104112.484
COL_338673,210650.31
COL_338850,115858.76
COL_338864,138192.22
COL_338944,139671.81
COL_339089,111413.984
COL_339113,107051.73
COL_339428,130981.98
COL_339440,119876.83
COL_339645,117634.016
COL_339657,153412.05
COL_339727,111365.96
COL_339728,111294.445
COL_339729,110010.88
COL_339772,141125.14
COL_339793,129781.12
COL_339822,127311.75
COL_339866,127104.19
COL_339878,113493.33
COL_339889,142327.0
COL_339893,143336.89
COL_339912,134822.97
COL_339987,111784.62
COL_339993,60773.812
COL_340011,102844.11
COL_340117,122981.06
COL_340369,148557.1
COL_340447,170732.78
COL_340462,112954.586
COL_340506,110026.6
COL_340519,166949.06
COL_340520,167761.7
COL_340521,182025.33
COL_340655,217519.98
COL_340657,106404.305
COL_340794,147483.69
COL_340796,154467.84
COL_340898,133310.89
COL_340975,124984.97
COL_340994,117919.5
COL_340995,118010.234
COL_341014,142781.08
COL_341069,177544.77
COL_341070,109991.68
COL_341184,115791.336
COL_341212,117442.51
COL_341220,118826.484
COL_341237,111153.05
COL_341310,118794.37
COL_341351,115295.37
COL_341414,157440.64
COL_341465,162323.16
COL_341487,118224.38
COL_341496,111350.56
COL_341683,116716.03
COL_341692,107349.38
COL_341722,106334.68
COL_341744,136754.75
COL_341762,140011.0
COL_341805,119824.14
COL_341889,121560.08
COL_341936,114699.84
COL_342040,108119.98
COL_342111,112449.79
COL_342208,138768.0
COL_342209,122425.67
COL_342211,104840.96
COL_342212,113928.15
COL_342258,114416.42
COL_342326,129835.766
COL_342405,108441.83
COL_342407,135628.72
COL_342425,129246.664
COL_342426,129246.664
COL_342438,124745.76
COL_342505,220024.83
COL_342623,114919.65
COL_342714,135946.77
COL_342734,119980.46
COL_342947,106106.24
COL_342948,129009.89
COL_343030,123860.97
COL_343036,103039.04
COL_343039,163347.78
COL_343047,124315.07
COL_343070,141988.27
COL_343169,135877.3
COL_343269,118191.46
COL_343324,120163.43
COL_343430,140640.66
COL_343527,105821.81
COL_343636,129513.76
COL_343649,121461.27
COL_343852,61206.09
COL_343866,108780.61
COL_343993,132627.47
COL_344179,115293.27
COL_344278,121006.58
COL_344298,111592.8
COL_344312,129246.664
COL_344350,110017.23
COL_344578,133131.19
COL_344772,112708.66
COL_344807,165959.31
COL_344844,134306.98
COL_344845,111186.375
COL_344887,102091.016
COL_344960,111052.36
COL_344969,177851.17
COL_345017,120371.39
COL_345055,141769.0
COL_345062,119180.805
COL_345102,120544.25
COL_345117,130520.92
COL_345119,130795.16
COL_345171,115056.42
COL_345187,126975.555
COL_345195,195736.17
COL_345287,126015.58
COL_345351,107579.82
COL_345558,115798.59
COL_345594,139509.83
COL_345718,124571.695
COL_345723,121610.664
COL_345736,138215.95
COL_345839,138081.73
COL_345884,121836.516
COL_345971,112675.2
COL_345996,135258.53
COL_346013,118025.086
COL_346015,118025.086
COL_346208,102809.51
COL_346276,112963.07
COL_346296,105590.336
COL_346516,130804.125
COL_346518,130804.125
COL_346522,126256.66
COL_346623,126504.14
COL_346677,128465.055
COL_346698,109786.01
COL_346776,118230.09
COL_346813,114987.305
COL_346829,112724.46
COL_346974,114482.11
COL_346975,114482.11
COL_347000,117373.83
COL_347011,124356.625
COL_347186,113965.93
COL_347284,111525.664
COL_347293,150351.31
COL_347332,104641.945
COL_347353,112020.12
COL_347436,135342.92
COL_347488,120433.484
COL_347618,112491.53
COL_347620,111963.89
COL_347621,115747.97
COL_347634,113248.055
COL_347686,109626.04
COL_347694,135918.42
COL_347737,103009.11
COL_347777,102109.42
COL_347852,131070.7
COL_347970,124064.99
COL_348009,113221.836
COL_348076,133981.44
COL_348077,129833.766
COL_348272,125537.305
COL_348274,141716.97
COL_348275,141716.97
COL_348278,141716.97
COL_348281,124016.02
COL_348383,101927.5
COL_348436,115455.19
COL_348447,116723.75
COL_348483,124085.77
COL_348681,113736.53
COL_348731,140482.44
COL_348733,126967.96
COL_348757,147834.9
COL_348893,104835.05
COL_349002,173299.08
COL_349029,113202.25
COL_349110,119065.1
COL_349213,135677.36
COL_349214,115189.46
COL_349215,118593.3
COL_349216,150986.75
COL_349601,127019.57
COL_349602,113918.92
COL_349643,92533.49
COL_349719,111817.36
COL_349774,154957.5
COL_349777,118763.555
COL_350115,112815.44
COL_350169,119824.14
COL_350175,117703.11
COL_350245,105326.98
COL_350246,105326.98
COL_350338,102744.82
COL_350353,127845.055
COL_350357,143372.73
COL_350456,92910.76
COL_350457,104507.22
COL_350458,144130.14
COL_350459,120718.81
COL_350476,117556.31
COL_350497,228061.58
COL_350564,227547.67
COL_350594,114227.31
COL_350743,116107.83
COL_350761,153684.94
COL_350762,151571.12
COL_350764,136310.98
COL_350784,100335.69
COL_350851,106065.54
COL_351049,132855.16
COL_351088,331598.06
COL_351213,106909.62
COL_351274,124452.36
COL_351380,127543.766
COL_351688,132559.7
COL_351715,121111.1
COL_351762,117714.75
COL_351901,119029.35
COL_352368,132467.5
COL_352392,113730.9
COL_352397,100412.98
COL_352422,141085.36
COL_352637,123861.305
COL_352991,121559.74
COL_353024,122173.27
COL_353028,139025.64
COL_353059,115824.48
COL_353225,137143.61
COL_353243,120062.12
COL_353323,120132.625
COL_353376,117820.234
COL_353452,115548.08
COL_353740,123101.26
COL_353741,111311.57
COL_353798,129780.22
COL_353848,108294.89
COL_353860,143264.7
COL_354005,104834.51
COL_354013,148404.53
COL_354017,126527.51
COL_354058,145162.3
COL_354370,127873.484
COL_354379,150374.28
COL_354384,115920.63
COL_354401,101183.1
COL_354414,111435.04
COL_354422,132061.14
COL_354535,117044.336
COL_354630,130118.33
COL_354696,163397.77
COL_354775,124392.93
COL_354795,124972.195
COL_355174,102025.64
COL_355178,138187.94
COL_355241,113142.78
COL_355242,113142.78
COL_355332,118200.414
COL_355356,114868.85
COL_355412,120266.02
COL_355457,125693.74
COL_355532,137261.34
COL_355579,133629.7
COL_355627,107987.45
COL_355640,138422.9
COL_355642,106425.93
COL_355643,106872.74
COL_355644,106507.055
COL_355702,115575.55
COL_355851,94356.17
COL_355942,114754.19
COL_355991,121289.21
COL_356015,147312.16
COL_356199,103050.195
COL_356201,134306.12
COL_356441,301089.53
COL_356469,134040.73
COL_356497,183616.88
COL_356528,125244.1
COL_356531,130545.45
COL_356616,102363.0
COL_356638,99167.305
COL_356826,114977.73
COL_356832,136993.0
COL_356954,112543.67
COL_356964,141632.9
COL_356974,120858.43
COL_356984,121379.99
COL_356999,122694.88
COL_357040,111889.83
COL_357043,107493.65
COL_357044,107554.164
COL_357159,117384.49
COL_357177,108483.305
COL_357179,118368.58
COL_357180,118368.58
COL_357214,119065.1
COL_357243,111420.41
COL_357294,126839.87
COL_357296,141726.6
COL_357328,118833.07
COL_357329,120762.65
COL_357331,120476.69
COL_357591,122812.766
COL_357674,122527.445
COL_357819,109138.07
COL_357939,119545.24
COL_357974,138586.53
COL_358084,108033.64
COL_358132,120154.1
COL_358232,137321.23
COL_358276,105396.13
COL_358345,115257.73
COL_358346,106516.91
COL_358399,120543.41
COL_358409,110990.27
COL_358650,143805.31
COL_358680,102260.51
COL_358681,102221.266
COL_358684,144735.5
COL_358785,116050.03
COL_358809,133173.06
COL_358838,112472.5
COL_358860,116756.78
COL_358903,109444.04
COL_358918,114269.64
COL_358919,114302.71
COL_359017,122836.555
COL_359184,115236.23
COL_359231,127918.86
COL_359287,108324.54
COL_359445,124548.68
COL_359491,119702.6
COL_359659,223748.39
COL_359709,106589.9
COL_359737,60628.57
COL_359790,129294.96
COL_359919,107730.51
COL_359952,121855.42
COL_359998,119669.766
COL_360122,120588.36
COL_360130,125529.57
COL_360208,138527.6
COL_360271,120623.71
COL_360276,140094.14
COL_360277,112440.38
COL_360356,110057.805
COL_360445,152004.2
COL_360564,123893.66
COL_360668,116280.1
COL_360703,122240.555
COL_360822,115143.89
COL_361154,115355.555
COL_361255,197920.97
COL_361394,104279.29
COL_361459,109620.02
COL_361605,112934.95
COL_361689,111576.22
COL_361827,101481.86
COL_361842,264433.56
COL_361905,129779.42
COL_361973,154527.92
COL_362013,152314.1
COL_362046,111426.79
COL_362150,107998.5
COL_362151,125612.055
COL_362152,113858.68
COL_362153,129572.96
COL_362154,116420.445
COL_362229,113252.27
COL_362246,118725.34
COL_362248,167559.45
COL_362262,129572.96
COL_362294,194674.11
COL_362348,126665.97
COL_362497,127506.68
COL_362498,125454.05
COL_362499,112932.22
COL_362500,120938.21
COL_362501,127485.78
COL_362502,126710.016
COL_362503,140379.45
COL_362504,132071.22
COL_362505,150606.33
COL_362506,143649.36
COL_362507,143999.06
COL_362508,116006.08
COL_362583,113197.016
COL_362707,106631.086
COL_362717,123574.75
COL_362999,117199.77
COL_363073,114736.0
COL_363180,123766.97
COL_363332,128766.55
COL_363375,118786.2
COL_363376,134852.25
COL_363408,111611.63
COL_363479,137566.28
COL_363480,117922.57
COL_363826,111598.74
COL_363911,139157.97
COL_364047,240481.47
COL_364051,129240.54
COL_364053,118034.49
COL_364201,120053.97
COL_364302,112220.63
COL_364411,117125.85
COL_364507,135231.16
COL_364716,109602.42
COL_364810,107706.65
COL_364830,104882.0
COL_364885,116153.08
COL_364889,113635.34
COL_364994,135915.8
COL_365066,111814.66
COL_365439,116657.26
COL_365528,104659.23
COL_365550,123227.21
COL_365615,256810.77
COL_365632,170061.78
COL_365671,111160.63
COL_365899,115437.85
COL_365987,120758.695
COL_366038,108895.516
COL_366048,116393.25
COL_366184,60706.39
COL_366254,150180.06
COL_366349,137078.55
COL_366512,127921.55
COL_366696,168601.23
COL_366865,112111.71
COL_367190,120312.33
COL_367202,102900.14
COL_367213,111029.02
COL_367229,138155.52
COL_367256,106370.62
COL_367288,109637.375
COL_367318,121295.55
COL_367362,123751.2
COL_367381,103357.34
COL_367407,104214.734
COL_367515,130919.91
COL_367614,113286.71
COL_367646,61162.816
COL_367648,116039.195
COL_367807,116979.19
COL_367808,116264.445
COL_367889,109124.2
COL_367998,115237.94
COL_368007,143049.22
COL_368014,115307.07
COL_368023,120124.63
COL_368040,119093.99
COL_368045,60834.324
COL_368104,126729.33
COL_368389,114126.07
COL_368391,113628.03
COL_368397,114124.6
COL_368411,106539.53
COL_368415,121517.516
COL_368444,103933.586
COL_368452,114284.49
COL_368453,112927.38
COL_368606,61161.973
COL_368697,128139.67
COL_368754,120090.74
COL_368783,125838.78
COL_368824,121619.484
COL_368829,116917.805
COL_369107,107199.56
COL_369112,61164.22
COL_369173,114662.11
COL_369210,121024.05
COL_369256,138325.61
COL_369278,134574.05
COL_369313,133893.98
COL_369325,144328.75
COL_369342,106803.31
COL_369376,119809.46
COL_369391,126352.66
COL_369476,139157.97
COL_369546,119065.1
COL_369589,109356.336
COL_369645,116832.91
COL_369668,122605.61
COL_369718,122058.98
COL_369721,60773.812
COL_369751,134902.62
COL_369882,101201.05
COL_369926,118168.84
COL_370048,134647.22
COL_370103,115443.8
COL_370147,132383.88
COL_370197,128859.0
COL_370225,117356.21
COL_370443,116890.03
COL_370450,120857.74
COL_370459,183045.95
COL_370464,120524.88
COL_370662,103205.62
COL_370698,110176.48
COL_370735,118307.09
COL_370805,129294.96
COL_370808,108442.62
COL_370830,142020.4
COL_370924,121504.5
COL_371007,136081.92
COL_371017,107794.6
COL_371052,131514.84
COL_371053,100493.24
COL_371091,125459.27
COL_371132,111169.5
COL_371154,119377.37
COL_371167,115684.63
COL_371424,128186.71
COL_371437,110383.77
COL_371438,60987.36
COL_371439,60987.36
COL_371519,114338.43
COL_371520,112207.07
COL_371524,113973.375
COL_371544,130936.89
COL_371597,166654.53
COL_371613,102046.47
COL_371651,130852.375
COL_371663,140719.69
COL_371669,116032.305
COL_371678,104199.57
COL_371685,118311.91
COL_371692,121289.3
COL_371738,128690.76
COL_371773,119827.84
COL_371787,116739.27
COL_372293,135140.06
COL_372323,163347.78
COL_372367,122325.65
COL_372424,132341.55
COL_372425,133815.94
COL_372443,204639.69
COL_372456,133462.81
COL_372498,119280.18
COL_372559,111550.99
COL_372561,111848.55
COL_372592,109570.09
COL_372593,125546.28
COL_372603,128135.45
COL_372619,128649.03
COL_372713,117945.07
COL_372777,115621.01
COL_372803,129556.836
COL_372841,127884.85
COL_372873,135180.45
COL_372875,113751.75
COL_372902,103933.586
COL_372920,111476.07
COL_372930,319938.34
COL_372932,116017.49
COL_372945,117221.68
COL_372969,120546.49
COL_373027,134784.12
COL_373071,152128.25
COL_373075,111932.984
COL_373101,116983.17
COL_373105,104517.57
COL_373106,104460.74
COL_373107,104385.4
COL_373108,104400.414
COL_373180,107657.55
COL_373195,163772.19
COL_373197,163533.44
COL_373289,103933.586
COL_373291,120655.74
COL_373414,122262.63
COL_373415,116630.82
COL_373441,120766.26
COL_373467,124785.28
COL_373522,130720.19
COL_373627,132543.89
COL_373675,183045.95
COL_373917,121137.86
COL_373938,189379.83
COL_374058,123568.96
COL_374154,115805.35
COL_374182,118580.445
COL_374183,60591.58
COL_374232,135925.44
COL_374272,127219.0
COL_374299,108500.14
COL_374416,113859.74
COL_374494,285859.4
COL_374515,173860.38
COL_374570,106525.15
COL_374858,114114.836
COL_374867,141480.69
COL_374899,168642.7
COL_374955,112670.24
COL_374975,125827.71
COL_374997,112745.76
COL_375026,98615.914
COL_375033,139294.98
COL_375103,139284.3
COL_375118,122173.9
COL_375119,128113.2
COL_375120,163338.69
COL_375121,114680.47
COL_375183,131424.84
COL_375452,100152.81
COL_375463,130127.9
COL_375672,107116.016
COL_375673,112031.484
COL_375716,117233.2
COL_375781,119155.68
COL_375859,132017.58
COL_375888,105200.305
COL_375893,115762.07
COL_375899,120460.03
COL_376021,119450.44
COL_376102,168916.86
COL_376206,119376.59
COL_376211,116491.04
COL_376366,130359.14
COL_376367,130468.11
COL_376368,109849.48
COL_376405,103612.23
COL_376443,173586.73
COL_376475,161644.75
COL_376477,114660.76
COL_376499,117933.516
COL_376500,117933.516
COL_376524,107318.26
COL_376613,111899.586
COL_376661,105756.51
COL_376674,106219.16
COL_376690,61160.98
COL_376712,112034.6
COL_376778,107385.17
COL_376800,140889.34
COL_376801,120387.25
COL_377066,120060.41
COL_377074,110677.15
COL_377093,112039.23
COL_377113,115297.13
COL_377118,117903.42
COL_377131,120694.33
COL_377356,125269.336
COL_377543,130561.14
COL_377546,129025.15
COL_377548,128899.836
COL_377689,117933.516
COL_377713,127212.02
COL_377714,127212.02
COL_377715,171839.58
COL_377731,129857.875
COL_377732,161565.36
COL_377910,115179.516
COL_377931,256237.02
COL_377977,118107.914
COL_378088,101472.734
COL_378144,116639.4
COL_378155,105857.375
COL_378170,134859.77
COL_378178,131986.1
COL_378194,112934.95
COL_378195,108804.69
COL_378227,121223.58
COL_378236,107604.32
COL_378342,113493.33
COL_378364,104480.2
COL_378406,113320.055
COL_378444,114689.17
COL_378460,130113.89
COL_378506,108333.95
COL_378544,133377.6
COL_378740,127144.06
COL_378743,136188.08
COL_378846,139611.86
COL_378872,107765.41
COL_378873,175432.78
COL_378880,163180.92
COL_378885,113333.16
COL_378904,110555.195
COL_378971,115967.34
COL_378972,115166.64
COL_379131,117322.36
COL_379199,109303.29
COL_379283,107127.875
COL_379294,106946.9
COL_379338,122121.61
COL_379341,139260.75
COL_379374,371788.6
COL_379401,115353.93
COL_379549,106340.445
COL_379551,108494.625
COL_379552,93725.766
COL_379553,93725.766
COL_379554,93725.766
COL_379555,93725.766
COL_379572,164754.72
COL_379670,112304.75
COL_379673,110911.16
COL_379680,126648.53
COL_379744,111937.875
COL_379766,104133.54
COL_379823,115405.6
COL_379827,110864.93
COL_379833,118139.36
COL_379915,114024.88
COL_380084,127574.92
COL_380212,140299.8
COL_380276,106090.516
COL_380379,127474.016
COL_380404,128166.61
COL_380433,118954.99
COL_380581,140203.72
COL_380583,118863.92
COL_380584,146305.98
COL_380676,103337.74
COL_380727,115984.73
COL_380729,106972.516
COL_380779,110093.14
COL_380849,109334.266
COL_380889,132039.52
COL_380920,115148.055
COL_380981,123111.234
COL_381005,101173.44
COL_381044,116757.3
COL_381093,106418.33
COL_381129,129351.96
COL_381130,127356.28
COL_381131,124715.5
COL_381133,128720.164
COL_381134,102099.06
COL_381135,137922.88
COL_381189,113392.51
COL_381190,118345.73
COL_381202,104925.25
COL_381203,104895.52
COL_381204,104907.6
COL_381231,117147.05
COL_381295,114968.12
COL_381296,115761.74
COL_381371,106311.41
COL_381445,135656.25
COL_381470,138184.36
COL_381567,138946.06
COL_381672,117949.98
COL_381741,131192.92
COL_381885,118914.55
COL_381909,123771.664
COL_382242,101319.58
COL_382342,108950.45
COL_382345,111115.86
COL_382539,112509.99
COL_382709,118100.83
COL_382788,120047.516
COL_382792,160234.39
COL_382995,118425.75
COL_383020,115791.336
COL_383043,121461.85
COL_383046,133534.44
COL_383264,156588.22
COL_383272,105187.02
COL_383299,115844.91
COL_383308,120568.1
COL_383393,120996.445
COL_383454,108026.875
COL_383480,139930.81
COL_383482,114963.35
COL_383558,108641.46
COL_383684,108004.84
COL_383726,119967.15
COL_383773,114150.5
COL_383810,114977.73
COL_383855,133976.08
COL_383866,106703.37
COL_383966,113378.91
COL_383981,120473.92
COL_384006,121614.35
COL_384016,120722.41
COL_384022,112421.87
COL_384106,130910.91
COL_384116,241761.33
COL_384222,220193.69
COL_384231,135797.36
COL_384295,145687.11
COL_384325,109134.55
COL_384362,132737.4
COL_384398,123593.05
COL_384499,107176.46
COL_384636,157813.67
COL_384650,120023.59
COL_384670,111660.98
COL_384718,124452.36
COL_384720,272906.0
COL_384721,272906.0
COL_384722,272906.0
COL_384723,272906.0
COL_384724,272906.0
COL_384725,272906.0
COL_384726,272906.0
COL_384727,272906.0
COL_384730,107445.945
COL_384743,145285.98
COL_384801,140193.28
COL_384841,142759.5
COL_384884,114361.38
COL_384916,124815.81
COL_385075,130129.59
COL_385133,117624.97
COL_385148,140761.89
COL_385149,108229.664
COL_385150,142325.31
COL_385159,129679.83
COL_385204,103198.16
COL_385211,114507.12
COL_385220,129068.04
COL_385264,124072.34
COL_385312,107252.836
COL_385327,114791.59
COL_385345,112295.664
COL_385371,113624.336
COL_385388,121916.2
COL_385489,121837.766
COL_385511,128518.81
COL_385541,273312.03
COL_385575,134888.77
COL_385576,136616.0
COL_385683,123653.63
COL_385739,109386.086
COL_385814,138527.6
COL_385828,115740.29
COL_385939,110732.1
COL_386160,117255.195
COL_386195,60818.176
COL_386279,152110.58
COL_386331,116136.12
COL_386767,116362.36
COL_386784,110537.42
COL_386857,121444.39
COL_386871,126464.664
COL_386878,140365.58
COL_386926,99178.445
COL_386954,169839.58
COL_387107,124773.13
COL_387125,130378.57
COL_387135,110624.3
COL_387155,130059.016
COL_387163,111689.25
COL_387211,118119.86
COL_387222,118516.39
COL_387276,122471.35
COL_387277,117657.65
COL_387280,122428.695
COL_387304,114819.53
COL_387357,114796.734
COL_387381,135428.4
COL_387425,121127.625
COL_387426,121127.625
COL_387452,168806.14
COL_387541,200398.84
COL_387600,117556.77
COL_387837,114188.94
COL_387921,115801.39
COL_387922,156620.73
COL_387925,141149.11
COL_387934,128457.24
COL_387935,122766.56
COL_387937,118796.84
COL_387947,120865.59
COL_387952,159089.22
COL_388150,122256.19
COL_388157,129907.3
COL_388176,173731.77
COL_388178,118839.27
COL_388246,125524.65
COL_388315,124160.664
COL_388325,121038.49
COL_388360,106102.22
COL_388403,106639.414
COL_388416,163273.98
COL_388433,176745.19
COL_388447,122566.42
COL_388465,110621.25
COL_388500,135429.95
COL_388505,132624.86
COL_388507,119465.484
COL_388578,127452.766
COL_388589,122494.44
COL_388651,118165.44
COL_388675,129165.84
COL_388732,119791.74
COL_388790,145968.86
COL_388863,111386.33
COL_388911,116727.63
COL_388927,110093.375
COL_388962,110477.69
COL_388964,151159.4
COL_389021,203547.12
COL_389080,113848.84
COL_389139,140701.44
COL_389140,140701.44
COL_389175,112382.74
COL_389176,92925.055
COL_389230,114922.68
COL_389264,126914.42
COL_389373,157866.1
COL_389408,157544.92
COL_389425,124709.83
COL_389438,115990.03
COL_389459,128561.125
COL_389488,115976.28
COL_389576,201967.8
COL_389663,102325.305
COL_389787,144214.28
COL_389803,117379.5
COL_389884,117922.57
COL_389891,112724.46
COL_389905,118025.086
COL_390149,117152.266
COL_390150,104091.805
COL_390151,104091.805
COL_390152,104091.805
COL_390176,108344.43
COL_390177,108189.99
COL_390178,108292.055
COL_390179,108192.71
COL_390180,108189.99
COL_390181,108189.99
COL_390237,160735.2
COL_390259,108051.77
COL_390270,116503.266
COL_390312,136094.9
COL_390313,136094.9
COL_390320,142492.34
COL_390321,142492.34
COL_390322,142492.34
COL_390390,128997.23
COL_390394,106460.35
COL_390447,120741.93
COL_390474,135072.73
COL_390485,109281.05
COL_390656,108489.02
COL_390675,125221.055
COL_390720,118644.984
COL_390759,115244.05
COL_390760,116493.48
COL_390761,239452.98
COL_391004,126278.87
COL_391012,103815.96
COL_391064,144490.47
COL_391101,132907.17
COL_391115,146638.84
COL_391171,108604.016
COL_391285,134497.64
COL_391330,118970.76
COL_391418,119037.3
COL_391464,124342.49
COL_391466,115099.375
COL_391556,110691.36
COL_391648,123828.51
COL_391650,110811.78
COL_391754,117915.26
COL_392218,120566.88
COL_392243,123165.266
COL_392279,105045.61
COL_392303,122618.51
COL_392497,119269.68
COL_392554,114407.266
COL_392663,112784.445
COL_392737,129636.47
COL_392878,111909.09
COL_392908,136686.16
COL_393015,122144.44
COL_393045,112184.016
COL_393092,137751.47
COL_393145,117360.41
COL_393278,136640.69
COL_393287,109092.9
COL_393363,134625.45
COL_393454,108721.23
COL_393463,121548.71
COL_393493,124069.9
COL_393543,128465.055
COL_393581,102802.555
COL_393625,128880.914
COL_393647,109924.02
COL_393648,109020.11
COL_393761,110145.11
COL_393770,116007.07
COL_393784,115602.4
COL_393830,148848.72
COL_393834,149003.8
COL_393843,109536.48
COL_393924,140396.8
COL_393930,123935.945
COL_393931,124183.34
COL_393953,147562.61
COL_394142,109309.82
COL_394224,143262.31
COL_394448,103205.62
COL_394726,129746.14
COL_394737,120149.12
COL_394738,92533.49
COL_394764,114672.84
COL_394777,134305.3
COL_394783,114136.6
COL_394811,111199.58
COL_394849,169661.56
COL_394857,102193.84
COL_394922,119138.45
COL_394988,106302.45
COL_395063,117097.87
COL_395135,126927.04
COL_395184,114252.64
COL_395191,111839.39
COL_395196,113439.266
COL_395197,108442.125
COL_395209,111396.586
COL_395214,130436.82
COL_395226,115831.87
COL_395281,206016.9
COL_395296,111783.84
COL_395344,138331.34
COL_395573,115725.71
COL_395574,115725.71
COL_395608,108243.87
COL_395713,110374.72
COL_395714,104932.89
COL_395715,111432.8
COL_395717,92952.9
COL_395718,102977.31
COL_395771,110033.94
COL_395816,194918.94
COL_395841,115811.35
COL_395898,104637.62
COL_395904,111904.48
COL_395929,142051.72
COL_396047,120349.19
COL_396072,109309.82
COL_396104,256814.98
COL_396114,130171.2
COL_396161,109888.65
COL_396162,113954.88
COL_396197,114861.44
COL_396213,118252.55
COL_396366,115553.95
COL_396368,111085.805
COL_396373,129775.26
COL_396385,113096.47
COL_396389,60834.324
COL_396399,117098.05
COL_396434,116492.15
COL_396522,116741.06
COL_396536,115935.54
COL_396544,123821.07
COL_396605,109195.375
COL_396766,107685.4
COL_396828,113457.78
COL_396833,111163.52
COL_396838,115188.95
COL_396937,119747.27
COL_396959,124226.695
COL_396960,133390.62
COL_396961,129075.52
COL_396975,118329.08
COL_397004,130813.79
COL_397068,106236.71
COL_397220,125773.1
COL_397251,109335.95
COL_397387,113550.65
COL_397408,144286.89
COL_397515,331538.72
COL_397613,114792.82
COL_397736,149648.11
COL_397747,119795.42
COL_397860,131241.98
COL_397875,126261.8
COL_397928,104358.56
COL_398072,106534.18
COL_398073,117724.44
COL_398193,112174.58
COL_398230,115044.64
COL_398232,159523.5
COL_398238,137399.77
COL_398375,112023.28
COL_398381,266111.28
COL_398395,119928.88
COL_398412,139115.62
COL_398466,111343.12
COL_398494,61074.953
COL_398545,149685.47
COL_398781,118572.65
COL_398819,107051.0
COL_398836,157375.39
COL_398868,115922.34
COL_398879,106605.98
COL_398902,118589.4
COL_398904,106065.35
COL_399019,125261.17
COL_399049,103801.516
COL_399059,104883.414
COL_399127,156882.97
COL_399459,129340.55
COL_399529,121486.33
COL_399530,113703.95
COL_399886,115159.9
COL_399931,111962.22
COL_400024,113170.914
COL_400104,110845.76
COL_400156,126859.195
COL_400161,107676.6
COL_400207,117699.64
COL_400215,115901.05
COL_400271,118990.43
COL_400272,119740.85
COL_400380,128697.87
COL_400422,106045.23
COL_400487,118160.0
COL_400545,117679.37
COL_400546,117802.8
COL_400549,117706.586
COL_400554,118264.62
COL_400610,131313.95
COL_400630,108614.16
COL_400640,60999.367
COL_400645,113989.234
COL_400652,100152.53
COL_400802,119947.086
COL_400811,114909.26
COL_400840,116482.54
COL_400904,135602.6
COL_400940,166079.55
COL_401007,179627.77
COL_401013,119427.19
COL_401269,107199.56
COL_401392,130032.55
COL_401419,123627.51
COL_401547,119270.234
COL_401587,106402.74
COL_401661,131750.17
COL_401705,116559.07
COL_401767,116865.46
COL_401797,106822.79
COL_401868,116468.29
COL_402016,100138.77
COL_402348,130219.41
COL_402421,115510.125
COL_402474,128138.48
COL_402475,123259.836
COL_402507,103364.03
COL_402530,111913.88
COL_402555,112231.04
COL_402739,144892.73
COL_402789,124525.05
COL_402795,106847.664
COL_402894,116133.22
COL_402928,118394.3
COL_402934,103116.555
COL_402936,114306.67
COL_402957,137142.42
COL_403052,117896.23
COL_403101,102353.48
COL_403137,124950.37
COL_403139,140852.08
COL_403160,122507.45
COL_403161,131999.2
COL_403162,136927.61
COL_403165,121411.625
COL_403242,111753.164
COL_403418,117861.49
COL_403560,128188.84
COL_403564,133379.25
COL_403610,123452.93
COL_403634,126785.82
COL_403737,127256.586
COL_403848,118898.38
COL_403854,107433.305
COL_403937,103904.445
COL_404130,167267.97
COL_404143,134392.66
COL_404183,113316.67
COL_404215,152279.39
COL_404333,164311.47
COL_404345,107719.164
COL_404438,125733.24
COL_404439,119921.12
COL_404491,166054.55
COL_404576,109276.2
COL_404620,140339.14
COL_404651,109019.45
COL_404736,184374.9
COL_404745,137932.55
COL_404784,165621.0
COL_404872,113556.23
COL_405059,118026.58
COL_405127,111448.7
COL_405143,126047.21
COL_405156,127642.54
COL_405235,104027.0
COL_405303,105137.82
COL_405345,103405.766
COL_405398,125263.664
COL_405399,130433.48
COL_405507,150453.8
COL_405529,117069.02
COL_405658,110115.39
COL_405666,119836.516
COL_405711,111592.04
COL_405811,139453.3
COL_405951,114680.72
COL_406025,222589.58
COL_406081,105218.336
COL_406092,157222.17
COL_406116,138810.34
COL_406145,121870.61
COL_406171,108038.92
COL_406232,123859.7
COL_406234,102612.88
COL_406275,135251.83
COL_406276,150276.72
COL_406277,125451.24
COL_406278,121608.73
COL_406279,117563.68
COL_406291,118276.57
COL_406380,126359.57
COL_406471,116837.32
COL_406524,123115.53
COL_406525,134397.89
COL_406577,112698.9
COL_406642,216750.23
COL_406698,107884.05
COL_406765,61160.98
COL_406819,125985.13
COL_406981,149326.7
COL_407017,114960.21
COL_407064,104750.71
COL_407236,139820.22
COL_407262,118486.04
COL_407274,113493.33
COL_407301,115858.22
COL_407334,61074.953
COL_407372,138171.42
COL_407383,119669.766
COL_407391,114405.52
COL_407415,113316.67
COL_407480,113676.875
COL_407570,115766.92
COL_407627,125998.37
COL_407634,120696.734
COL_407635,121054.76
COL_407683,97415.08
COL_407899,115548.516
COL_407927,131168.69
COL_407936,123613.2
COL_407956,109380.44
COL_407969,105015.16
COL_408007,105008.09
COL_408026,119836.516
COL_408056,127798.805
COL_408156,136454.36
COL_408157,145334.33
COL_408181,129746.74
COL_408230,60915.555
COL_408276,108690.01
COL_408313,113045.72
COL_408317,125060.26
COL_408318,125237.16
COL_408319,110917.38
COL_408320,112469.06
COL_408349,110100.66
COL_408552,113751.75
COL_408565,121188.05
COL_408672,122498.375
COL_408682,111692.04
COL_408686,115923.97
COL_408724,108471.266
COL_408765,107199.56
COL_408832,59494.01
COL_409107,101927.5
COL_409486,145955.48
COL_409495,104305.46
COL_409540,138814.64
COL_409590,131834.1
COL_409662,117326.625
COL_409668,120547.68
COL_409784,106009.65
COL_409790,112038.89
COL_409858,111106.34
COL_409866,119595.305
COL_409962,121113.56
COL_410295,133406.92
COL_410302,123322.06
COL_410316,114489.19
COL_410448,94740.945
COL_410498,116608.52
COL_410525,114430.984
COL_410534,158275.3
COL_410549,118436.016
COL_410657,142924.7
COL_410724,135407.28
COL_410778,113472.7
COL_410957,112792.805
COL_411043,107798.445
COL_411096,119091.01
COL_411111,120915.79
COL_411137,108619.445
COL_411195,114165.44
COL_411202,110413.67
COL_411220,107632.25
COL_411221,134175.11
COL_411238,95950.68
COL_411275,122853.164
COL_411301,187000.44
COL_411514,117033.22
COL_411540,113708.14
COL_411700,112667.91
COL_411961,114770.21
COL_411962,113015.734
COL_412082,118168.29
COL_412105,114898.06
COL_412122,112732.54
COL_412124,123910.09
COL_412125,106340.445
COL_412244,107718.414
COL_412251,60778.684
COL_412275,115117.45
COL_412308,120432.69
COL_412337,118518.49
COL_412350,60834.324
COL_412395,114677.95
COL_412411,111424.96
COL_412491,112506.94
COL_412575,121706.055
COL_412583,111599.86
COL_412606,111047.68
COL_412656,107679.53
COL_412697,127333.7
COL_412711,105520.734
COL_412850,111027.734
COL_412851,120969.85
COL_412853,134185.25
COL_412856,61161.547
COL_412857,54181.25
COL_412925,200127.12
COL_412926,201491.45
COL_413217,117465.32
COL_413225,188650.95
COL_413258,145028.78
COL_413261,127026.11
COL_413262,128782.305
COL_413270,106777.67
COL_413271,145092.25
COL_413275,105371.5
COL_413474,117233.2
COL_413482,111494.9
COL_413607,113428.75
COL_413678,128046.81
COL_413943,140223.14
COL_413976,122819.57
COL_414175,263135.66
COL_414193,61163.797
COL_414295,92687.9
COL_414337,167267.97
COL_414380,105711.37
COL_414470,115520.53
COL_414471,106909.21
COL_414687,116311.03
COL_414867,108839.12
COL_414930,135735.0
COL_414931,129566.81
COL_415267,113954.49
COL_415295,103612.23
COL_415296,115149.68
COL_415357,113805.15
COL_415433,155270.9
COL_415503,122429.08
COL_415607,130217.57
COL_415617,104576.39
COL_415653,114660.46
COL_415665,122060.85
COL_415782,104533.15
COL_415791,104637.62
COL_415947,110201.61
COL_415983,106302.45
COL_415989,127296.125
COL_416016,115615.46
COL_416140,116643.766
COL_416279,107419.67
COL_416336,145006.2
COL_416444,106083.31
COL_416460,112913.34
COL_416464,136880.56
COL_416466,134305.58
COL_416469,132071.4
COL_416545,140396.8
COL_416560,60628.57
COL_416564,122317.37
COL_416626,131333.97
COL_416665,124206.195
COL_416673,121753.35
COL_416695,105649.17
COL_416696,105629.055
COL_416697,105602.27
COL_416698,109022.8
COL_416699,105683.07
COL_416700,105679.55
COL_416766,163347.78
COL_416774,130271.414
COL_416778,150470.61
COL_416785,111233.164
COL_416814,137932.55
COL_416868,104318.664
COL_416894,111994.81
COL_417030,110898.984
COL_417049,105674.91
COL_417096,153687.95
COL_417122,135825.81
COL_417124,136603.42
COL_417171,138840.81
COL_417174,119639.86
COL_417228,116847.08
COL_417236,137347.58
COL_417265,137513.88
COL_417266,121851.945
COL_417267,123597.62
COL_417271,110355.78
COL_417284,139672.81
COL_417318,108043.31
COL_417423,140709.98
COL_417510,123284.73
COL_417566,107738.13
COL_417567,107738.13
COL_417588,133420.78
COL_417745,115136.34
COL_417886,117699.07
COL_417890,120751.26
COL_418074,119337.51
COL_418076,133024.45
COL_418114,114204.24
COL_418116,148737.1
COL_418130,187783.98
COL_418135,131317.17
COL_418144,60658.656
COL_418176,116793.93
COL_418198,131058.12
COL_418222,97956.305
COL_418224,127432.77
COL_418240,112830.14
COL_418264,136335.31
COL_418371,115827.375
COL_418556,132669.77
COL_418578,117489.375
COL_418774,121760.16
COL_418818,175827.11
COL_418839,128152.11
COL_418881,125392.03
COL_418888,140095.86
COL_418990,121726.6
COL_419050,117628.54
COL_419102,121629.13
COL_419181,141480.69
COL_419250,115220.38
COL_419337,103205.62
COL_419383,113867.47
COL_419397,119236.57
COL_419431,60990.01
COL_419510,118718.11
COL_419518,175636.53
COL_419574,112684.3
COL_419578,128083.68
COL_419614,104137.24
COL_419756,131970.5
COL_419765,132501.72
COL_419779,116233.49
COL_419796,114031.57
COL_419798,109092.9
COL_419799,107014.98
COL_419870,109712.43
COL_419871,109712.43
COL_419872,110332.72
COL_419873,110858.75
COL_420021,117221.68
COL_420031,116139.03
COL_420037,112540.12
COL_420080,111994.81
COL_420362,111289.55
COL_420401,263012.72
COL_420490,142916.08
COL_420491,109997.53
COL_420515,147823.86
COL_420540,342608.22
COL_420668,110918.81
COL_420707,122902.47
COL_420743,261141.66
COL_420784,115433.125
COL_420790,119514.67
COL_420901,129846.414
COL_421024,112565.7
COL_421052,111546.62
COL_421060,110227.68
COL_421061,135351.64
COL_421110,116190.89
COL_421112,112063.43
COL_421121,125560.06
COL_421208,136231.8
COL_421218,129130.68
COL_421237,137693.22
COL_421255,121069.69
COL_421283,130978.19
COL_421291,106619.45
COL_421297,153707.98
COL_421343,111030.78
COL_421344,131762.53
COL_421348,115580.09
COL_421552,121300.625
COL_421654,104782.21
COL_421655,146441.31
COL_421692,111836.38
COL_421693,119685.91
COL_422153,116146.76
COL_422232,119591.484
COL_422255,110414.016
COL_422256,111682.92
COL_422257,111461.41
COL_422275,126607.66
COL_422286,110577.77
COL_422287,116702.836
COL_422289,117226.96
COL_422290,148171.34
COL_422291,181508.23
COL_422330,115027.43
COL_422413,121794.86
COL_422452,111848.55
COL_422592,120927.42
COL_422610,116872.36
COL_422646,132960.0
COL_422735,105749.414
COL_422779,126267.75
COL_422780,126267.75
COL_422781,126267.75
COL_422782,126267.75
COL_422832,111982.99
COL_422901,119033.8
COL_422922,106530.21
COL_422969,115690.92
COL_422998,122437.05
COL_423042,99498.21
COL_423271,118983.45
COL_423292,119975.14
COL_423390,119575.734
COL_423398,61161.12
COL_423541,128675.77
COL_423629,114791.59
COL_423714,117145.62
COL_423761,133033.56
COL_423762,133038.34
COL_423840,121702.43
COL_424042,60788.88
COL_424094,128452.13
COL_424147,119262.016
COL_424211,140781.34
COL_424260,175445.42
COL_424300,121576.77
COL_424348,150751.72
COL_424494,112475.85
COL_424642,174375.38
COL_424752,128481.195
COL_425001,149264.11
COL_425093,116163.83
COL_425126,157188.2
COL_425176,113335.15
COL_425196,112531.7
COL_425223,120231.086
COL_425244,120943.01
COL_425369,164408.31
COL_425409,118296.63
COL_425441,137298.33
COL_425639,212344.16
COL_425665,109683.15
COL_425846,137728.83
COL_425989,118924.586
COL_426027,109774.45
COL_426061,117732.21
COL_426087,118072.94
COL_426104,113803.1
COL_426111,138055.39
COL_426115,103792.29
COL_426116,116645.89
COL_426125,104513.46
COL_426151,60915.832
COL_426153,102555.19
COL_426154,128085.7
COL_426155,125254.0
COL_426193,114302.9
COL_426194,102139.22
COL_426197,112038.89
COL_426198,106167.55
COL_426280,120565.484
COL_426368,109368.914
COL_426396,114515.99
COL_426421,132284.22
COL_426497,112934.95
COL_426515,123167.81
COL_426542,121608.78
COL_426551,169562.42
COL_426606,112324.22
COL_426630,114558.734
COL_426890,118848.625
COL_427026,175393.1
COL_427086,114501.65
COL_427087,113871.266
COL_427088,114449.19
COL_427345,110369.875
COL_427417,134941.03
COL_427594,148970.31
COL_427626,130475.875
COL_427674,115022.13
COL_427685,117415.51
COL_427694,120568.766
COL_427711,112627.8
COL_427712,113519.62
COL_427713,127270.914
COL_427738,102716.72
COL_427889,115809.7
COL_427891,127288.07
COL_427927,155383.92
COL_428045,120759.016
COL_428116,115281.414
COL_428221,109974.1
COL_428332,120047.516
COL_428419,109608.12
COL_428436,122943.195
COL_428459,106675.375
COL_428460,127040.836
COL_428724,177557.28
COL_428952,126942.78
COL_428982,130644.28
COL_428983,122140.81
COL_429040,109608.12
COL_429053,132121.8
COL_429063,104218.65
COL_429128,143730.67
COL_429131,143926.98
COL_429190,113365.73
COL_429211,163338.69
COL_429243,126463.33
COL_429270,130666.23
COL_429312,142132.69
COL_429415,124804.39
COL_429434,147823.86
COL_429512,115572.73
COL_429591,129210.86
COL_429627,104570.03
COL_429671,114839.016
COL_429672,114839.016
COL_429688,117281.234
COL_429689,117281.234
COL_429693,152018.53
COL_429715,111140.516
COL_429792,108670.75
COL_429831,146074.81
COL_430043,183045.95
COL_430076,134739.62
COL_430092,113304.53
COL_430123,114743.34
COL_430196,107283.68
COL_430201,158295.75
COL_430215,126677.63
COL_430335,125440.516
COL_430443,139472.05
COL_430444,139527.94
COL_430445,116064.07
COL_430446,139810.55
COL_430506,122271.95
COL_430651,149560.73
COL_430726,113053.38
COL_430765,116358.24
COL_431040,134663.44
COL_431079,138928.39
COL_431111,114884.58
COL_431147,107509.59
COL_431149,107730.51
COL_431152,97539.32
COL_431279,122544.875
COL_431283,100709.47
COL_431331,101746.17
COL_431364,123741.836
COL_431377,120820.4
COL_431389,118977.914
COL_431561,101345.484
COL_431663,127958.95
COL_431675,127623.48
COL_431683,136200.8
COL_431707,60688.105
COL_431768,127345.68
COL_431982,112198.445
COL_431990,96112.49
COL_432077,106989.8
COL_432104,110153.08
COL_432105,110341.93
COL_432272,108466.875
COL_432283,98855.266
COL_432319,114155.41
COL_432320,114213.35
COL_432332,118146.91
COL_432333,116801.25
COL_432412,118123.61
COL_432415,102754.8
COL_432420,103857.414
COL_432640,109923.83
COL_432644,61162.258
COL_432646,124806.08
COL_432755,130851.6
COL_433016,155824.27
COL_433137,109020.14
COL_433206,128812.4
COL_433218,107707.37
COL_433381,108314.78
COL_433499,129559.89
COL_433501,139645.22
COL_433595,109611.76
COL_434015,119246.28
COL_434023,134319.33
COL_434027,131335.66
COL_434046,196076.77
COL_434082,158557.02
COL_434097,107951.125
COL_434119,117722.95
COL_434214,116095.64
COL_434303,112012.9
COL_434319,131085.27
COL_434320,113661.95
COL_434338,135428.73
COL_434431,111493.6
COL_434434,123993.9
COL_434601,154007.28
COL_434621,120813.67
COL_434651,119829.79
COL_434686,130227.04
COL_434771,147652.31
COL_434823,139154.39
COL_434848,110400.56
COL_434871,104941.125
COL_435108,123716.53
COL_435148,110777.9
COL_435225,149116.69
COL_435332,125634.74
COL_435436,115116.47
COL_435657,109270.41
COL_435665,107761.76
COL_435718,149664.75
COL_435759,113704.766
COL_435887,117567.164
COL_435996,198924.67
COL_435997,114478.18
COL_436077,103050.195
COL_436085,101972.08
COL_436126,126917.99
COL_436133,131249.08
COL_436154,118643.45
COL_436195,130392.44
COL_436277,137375.22
COL_436336,120079.25
COL_436344,142268.31
COL_436422,110204.14
COL_436438,61077.887
COL_436469,111849.26
COL_436574,130595.89
COL_436582,117621.89
COL_436675,109609.35
COL_436712,105823.98
COL_436721,118477.89
COL_436732,103050.195
COL_436758,120871.02
COL_436969,106340.445
COL_437029,107009.945
COL_437045,128850.15
COL_437048,112733.984
COL_437102,114979.96
COL_437108,113189.14
COL_437131,119634.0
COL_437150,105520.445
COL_437151,105518.68
COL_437153,105512.98
COL_437154,105513.53
COL_437155,105521.72
COL_437156,105523.87
COL_437157,105522.85
COL_437186,118288.45
COL_437187,119620.61
COL_437195,116217.984
COL_437280,128211.28
COL_437358,233139.86
COL_437384,178671.17
COL_437385,113953.27
COL_437386,113953.27
COL_437455,111664.37
COL_437456,111664.37
COL_437610,131786.4
COL_437874,116517.06
COL_437881,111209.195
COL_437949,123684.625
COL_437953,128771.055
COL_437972,100322.625
COL_437999,107033.77
COL_438013,150978.92
COL_438024,129822.75
COL_438136,117693.21
COL_438164,140709.62
COL_438343,122357.445
COL_438424,143072.23
COL_438451,115035.62
COL_438458,127875.92
COL_438466,154337.77
COL_438470,111267.91
COL_438603,226880.78
COL_438755,219043.86
COL_438836,147905.84
COL_438853,61006.066
COL_438878,122357.445
COL_438979,133733.89
COL_439032,123828.51
COL_439248,108858.125
COL_439348,107178.33
COL_439366,125215.81
COL_439375,132494.88
COL_439448,104843.836
COL_439463,155274.58
COL_439473,103130.0
COL_439546,111432.67
COL_439560,128611.51
COL_439603,111707.57
COL_439708,147179.33
COL_439738,112242.39
COL_439739,113382.055
COL_439741,105666.94
COL_439746,123123.78
COL_439755,110287.44
COL_439868,127486.53
COL_439909,114952.805
COL_439912,113828.89
COL_439941,114402.586
COL_440220,146420.64
COL_440226,107308.17
COL_440257,110286.87
COL_440262,126788.8
COL_440318,136632.23
COL_440336,119269.68
COL_440347,109845.57
COL_440618,115071.87
COL_440788,120373.055
COL_440831,103871.164
COL_440889,118138.48
COL_440892,104843.836
COL_440903,109065.54
COL_441033,119139.72
COL_441069,111389.63
COL_441100,112854.13
COL_441105,112172.39
COL_441129,110212.88
COL_441133,118843.07
COL_441162,111203.67
COL_441185,115267.625
COL_441203,110746.805
COL_441213,115465.32
COL_441222,114292.51
COL_441256,122485.48
COL_441291,112963.07
COL_441499,123398.734
COL_441556,114622.91
COL_441659,124896.195
COL_441695,125263.625
COL_441725,99878.625
COL_441852,129451.1
COL_441872,315208.03
COL_441885,120243.58
COL_441886,117468.49
COL_441887,121791.664
COL_441968,104786.805
COL_442042,106523.39
COL_442088,118155.99
COL_442218,128602.4
COL_442223,110887.836
COL_442404,108923.914
COL_442430,116881.86
COL_442436,138515.23
COL_442660,125433.77
COL_442689,131614.78
COL_442736,134242.94
COL_442849,110684.06
COL_442859,119651.7
COL_442896,60688.105
COL_442899,116029.305
COL_442969,120588.36
COL_443027,60719.305
COL_443075,141063.97
COL_443076,130576.31
COL_443086,109994.69
COL_443087,109943.24
COL_443105,120522.88
COL_443174,130187.164
COL_443215,145390.23
COL_443224,138829.81
COL_443260,132938.2
COL_443261,113101.375
COL_443353,153043.86
COL_443381,120422.6
COL_443604,150757.75
COL_443605,156744.83
COL_443606,150757.75
COL_443644,110145.49
COL_443699,129229.14
COL_443721,133353.31
COL_443797,129721.69
COL_443798,126375.54
COL_444056,113351.8
COL_444127,118959.805
COL_444137,127104.92
COL_444163,104502.55
COL_444190,126802.83
COL_444262,106678.234
COL_444332,106734.33
COL_444379,115578.38
COL_444406,114543.24
COL_444612,117516.08
COL_444615,170067.02
COL_444634,110201.414
COL_444659,100366.0
COL_444707,107164.43
COL_444834,103198.16
COL_444936,136694.33
COL_445000,113802.51
COL_445091,119794.805
COL_445127,175365.53
COL_445191,130070.34
COL_445218,127928.914
COL_445268,166054.55
COL_445304,109133.74
COL_445315,110502.414
COL_445336,118821.41
COL_445547,128145.03
COL_445578,106106.24
COL_445661,110972.766
COL_445664,135242.47
COL_445689,128418.72
COL_445693,126594.65
COL_445738,107923.41
COL_445749,120632.9
COL_445753,142806.34
COL_445754,99250.414
COL_445756,116585.04
COL_445780,107390.875
COL_445795,162335.42
COL_445839,225041.23
COL_445871,104949.57
COL_445928,116534.11
COL_446061,127798.805
COL_446070,108120.87
COL_446108,60949.16
COL_446174,101869.16
COL_446228,116657.26
COL_446244,115600.41
COL_446347,115152.02
COL_446363,123048.14
COL_446584,114342.04
COL_446585,114390.94
COL_446586,114331.625
COL_446587,114523.28
COL_446588,114603.46
COL_446615,112344.08
COL_446800,140964.0
COL_446838,118191.7
COL_446853,151319.77
COL_446909,108293.78
COL_446917,105941.586
COL_446918,105276.27
COL_446919,105276.27
COL_446920,105276.27
COL_446924,166330.36
COL_447009,112699.27
COL_447084,120408.9
COL_447134,120140.086
COL_447200,138299.31
COL_447278,115992.55
COL_447297,111529.13
COL_447310,112838.2
COL_447346,103739.76
COL_447394,104792.33
COL_447395,129007.96
COL_447397,117033.22
COL_447412,124357.48
COL_447424,103884.016
COL_447434,106698.87
COL_447435,107736.31
COL_447436,107736.31
COL_447437,107736.31
COL_447438,107736.31
COL_447439,107736.31
COL_447440,128397.33
COL_447441,128400.18
COL_447442,128400.914
COL_447443,128399.76
COL_447444,128398.56
COL_447445,132645.86
COL_447446,137920.5
COL_447477,111029.805
COL_447514,117008.086
COL_447614,111647.25
COL_447615,111647.26
COL_447642,113838.84
COL_447650,113055.13
COL_447671,98018.03
COL_447672,98018.03
COL_447698,151442.14
COL_447719,54377.73
COL_447739,128949.32
COL_447865,116278.375
COL_447932,108471.88
COL_447950,114128.555
COL_447973,109602.42
COL_448004,105894.93
COL_448005,105894.93
COL_448006,105894.93
COL_448007,105894.93
COL_448008,105894.93
COL_448009,105894.93
COL_448010,105894.93
COL_448011,105894.93
COL_448017,60778.684
COL_448081,109739.64
COL_448229,104236.945
COL_448288,111603.51
COL_448328,142284.05
COL_448412,201875.0
COL_448444,195715.19
COL_448461,105600.2
COL_448500,120057.984
COL_448541,143212.34
COL_448542,122941.99
COL_448543,122935.39
COL_448547,132946.7
COL_448598,144934.08
COL_448757,115221.66
COL_448763,119836.97
COL_448835,112072.664
COL_448853,117486.46
COL_448947,149055.45
COL_449012,126770.63
COL_449016,120406.34
COL_449024,128486.94
COL_449043,116648.87
COL_449090,124375.04
COL_449146,126462.31
COL_449216,149258.39
COL_449293,109309.82
COL_449311,151835.55
COL_449349,117751.875
COL_449389,98348.73
COL_449497,131085.27
COL_449515,105560.96
COL_449522,114245.734
COL_449526,109508.32
COL_449528,119026.336
COL_449532,140042.98
COL_449536,123543.125
COL_449588,104737.266
COL_449592,124922.21
COL_449811,167267.97
COL_449907,109685.31
COL_449939,114292.04
COL_450017,61219.9
COL_450118,244250.56
COL_450161,118613.5
COL_450164,61074.953
COL_450185,101076.23
COL_450237,128177.11
COL_450271,128332.664
COL_450347,116494.234
COL_450351,119252.89
COL_450523,107286.625
COL_450578,60902.145
COL_450609,131252.6
COL_450632,124045.555
COL_450739,126292.375
COL_450740,123525.945
COL_450800,104823.43
COL_450807,110975.37
COL_450863,113284.66
COL_451021,107199.56
COL_451022,133626.5
COL_451120,117101.42
COL_451222,119682.46
COL_451337,119928.34
COL_451353,109441.734
COL_451357,116815.945
COL_451366,107188.5
COL_451424,119739.766
COL_451493,119630.75
COL_451570,146004.25
COL_451580,116002.3
COL_451581,114245.82
COL_451744,149253.67
COL_451780,117883.305
COL_451858,113225.35
COL_451866,120493.125
COL_451867,109519.266
COL_451876,122903.47
COL_451882,101623.555
COL_451949,144674.88
COL_452035,135848.77
COL_452047,124836.77
COL_452048,113050.48
COL_452145,129807.39
COL_452284,132320.95
COL_452285,134262.53
COL_452313,114970.125
COL_452342,110373.97
COL_452469,109197.58
COL_452492,117060.69
COL_452515,60772.85
COL_452536,137452.1
COL_452555,60048.73
COL_452731,109970.58
COL_452765,209336.84
COL_452800,128561.48
COL_452849,162538.48
COL_452871,131552.53
COL_452912,124819.484
COL_452934,133090.47
COL_453175,111765.33
COL_453176,128812.4
COL_453182,129986.375
COL_453204,134500.38
COL_453205,115494.57
COL_453213,132946.7
COL_453228,120755.77
COL_453378,132084.83
COL_453382,155559.8
COL_453391,119036.984
COL_453406,101554.46
COL_453662,118705.95
COL_453691,104782.21
COL_453739,115529.984
COL_453800,107433.305
COL_453871,122300.24
COL_453991,117874.59
COL_453992,117608.89
COL_453993,119074.94
COL_453994,118133.016
COL_453995,118226.37
COL_453996,117735.82
COL_453997,117714.67
COL_453998,117592.88
COL_453999,117663.03
COL_454000,117458.64
COL_454001,117928.99
COL_454002,118160.836
COL_454003,118159.52
COL_454004,118175.21
COL_454005,118643.84
COL_454022,145798.77
COL_454023,112428.16
COL_454069,158267.34
COL_454085,123613.2
COL_454096,113704.766
COL_454109,113489.48
COL_454110,111511.34
COL_454132,121147.18
COL_454285,128972.86
COL_454306,115959.11
COL_454307,115959.11
COL_454308,115959.11
COL_454309,115959.11
COL_454310,130162.36
COL_454422,110322.72
COL_454493,122932.89
COL_454637,112051.88
COL_454727,118196.56
COL_454740,112280.14
COL_454753,195001.62
COL_454768,123029.414
COL_454799,112442.4
COL_455089,114448.086
COL_455212,112220.63
COL_455261,130540.09
COL_455381,146742.69
COL_455397,102402.555
